dataset,variant,complete_seeds,planned_seeds,ARI_mean,ARI_sample_sd,ARI_median,NMI_arithmetic_mean,NMI_arithmetic_sample_sd,NMI_arithmetic_median,RI_mean,RI_sample_sd,RI_median,ACC_mean,ACC_sample_sd,ACC_median,full_fit_estimate_seconds_mean,full_fit_estimate_seconds_sample_sd,observed_joint_seconds_mean,observed_joint_seconds_sample_sd,inference_seconds_mean,inference_seconds_sample_sd,epochs_mean,epochs_sample_sd,peak_gpu_allocated_mib_mean,peak_gpu_allocated_mib_sample_sd,peak_gpu_reserved_mib_mean,peak_gpu_reserved_mib_sample_sd,observed_joint_gpu_allocated_mib_mean,observed_joint_gpu_allocated_mib_sample_sd,operational_process_seconds_mean,operational_process_seconds_sample_sd,original_occupied_clusters_mean,original_occupied_clusters_sample_sd,original_utilization_mean,original_utilization_sample_sd,original_minimum_cluster_size_mean,original_minimum_cluster_size_sample_sd,original_maximum_cluster_fraction_mean,original_maximum_cluster_fraction_sample_sd,original_hard_entropy_mean,original_hard_entropy_sample_sd,original_assignment_change_fraction_mean,original_assignment_change_fraction_sample_sd,original_complete_collapses,original_near_collapse_flags,augmented_occupied_clusters_mean,augmented_occupied_clusters_sample_sd,augmented_utilization_mean,augmented_utilization_sample_sd,augmented_minimum_cluster_size_mean,augmented_minimum_cluster_size_sample_sd,augmented_maximum_cluster_fraction_mean,augmented_maximum_cluster_fraction_sample_sd,augmented_hard_entropy_mean,augmented_hard_entropy_sample_sd,augmented_assignment_change_fraction_mean,augmented_assignment_change_fraction_sample_sd,augmented_complete_collapses,augmented_near_collapse_flags,registered_trainable_parameters,retained_original_autoencoder_and_centers_parameters,original_encoder_and_centers_inference_parameters
SyntheticControl,LoSTer-Legacy-Clean,5,5,0.5749350255091622,0.054214128406645024,0.5887500088532164,0.7322447069524916,0.05526276258416251,0.7450677198108467,0.8702159154145799,0.01648199646429234,0.8678964941569283,0.6906666666666667,0.0985703358577575,0.725,207.39054743999998,5.669876488271601,6.815792499999998,3.7830230402520444,0.008848760000000766,0.0016988250065883448,3.2,1.7888543819998317,34.03466796875,0.0,56.0,0.0,34.03466796875,0.0,216.27606490000002,8.95174447772919,6,0.0,1.0,0.0,38.8,10.756393447619885,0.27566666666666667,0.03435112807463533,1.6529665739218062,0.090733002599095,0.0,0.0,0,0,6,0.0,1.0,0.0,71.6,10.620734437881403,0.215,0.005773502691896259,1.7692996718778538,0.010141259936659403,0.005,0.002635231383473649,0,0,1974512,987256,494848
SyntheticControl,LoSTer-NoResoftmax,5,5,0.5142502323228623,0.07770839187729554,0.5164145149838256,0.6865351215097876,0.07372975482642818,0.6857061089637092,0.8573010573177519,0.01770688987445018,0.8647968836950473,0.6456666666666666,0.08223104307039067,0.6866666666666666,220.01364653999997,6.330740675254199,19.43901302,8.383743597375204,0.008024360000000286,0.00041837788301930974,9,3.9370039370059056,33.89697265625,0.0,56.0,0.0,33.89697265625,0.0,26.083249019999947,8.953205869421963,6,0.0,1.0,0.0,47.6,23.351659469939175,0.24833333333333332,0.055901699437494734,1.6979584986433358,0.11123961942489469,0.0,0.0,0,0,6,0.0,1.0,0.0,77.2,5.403702434442518,0.20533333333333334,0.007397447007057388,1.7797133360468613,0.0022015614454347367,0.007666666666666667,0.013723459233492602,0,0,1974512,987256,494848
SyntheticControl,LoSTer-AlignedInit,5,5,0.5743184776675591,0.05569717876438003,0.5853792830122796,0.7323987356569222,0.05834110500767744,0.7443631374037482,0.870062326099054,0.016462781452937267,0.8689983305509182,0.6903333333333334,0.09651856470821214,0.7233333333333334,206.39873386,2.7847794929531227,5.82402934,1.9590720663318946,0.00777972000000009,0.00019867359411831557,2.6,0.8944271909999159,34.03466796875,0.0,56.0,0.0,34.03466796875,0.0,14.07499440000006,5.466129053992754,6,0.0,1.0,0.0,38.6,10.4546640309481,0.27566666666666667,0.03410767264609728,1.6529952492310427,0.08911624704714202,0.0,0.0,0,0,6,0.0,1.0,0.0,70.4,10.922453936730518,0.21666666666666667,0.009128709291752761,1.767530284591243,0.012253874156018389,0.004333333333333334,0.00223606797749979,0,0,1974512,987256,494848
Beef,LoSTer-Legacy-Clean,5,5,0.10730049739921405,0.020910625307545026,0.10808394109592868,0.292811738703271,0.019684929966216146,0.2798730289468851,0.6796610169491525,0.028882713070330537,0.6943502824858757,0.37333333333333335,0.03836954811073781,0.38333333333333336,204.07714242,2.859348686235663,4.541991620000005,0.8476547815337951,0.002284959999997227,0.0002541462039803706,2.2,0.4472135954999579,41.1357421875,0.0,42.0,0.0,41.1357421875,0.0,212.23710305999992,4.4754698322527195,5,0.0,1.0,0.0,3.2,2.04939015319192,0.39666666666666667,0.007453559924999297,1.3863235074017681,0.11576155901133897,0.0,0.0,0,0,5,0.0,1.0,0.0,6.4,1.6733200530681511,0.26,0.022360679774997894,1.5559556886974464,0.03238929823260524,0.006666666666666666,0.009128709291752768,0,0,2815320,1407660,704512
Beef,LoSTer-NoResoftmax,5,5,0.09818220327016726,0.022232213649309728,0.10915225643188528,0.2804537802453647,0.017778287456329516,0.28203219909533356,0.6830508474576271,0.02442808758093613,0.6966101694915254,0.37,0.03613247231446468,0.38333333333333336,208.63740928,7.7026646224202775,9.10247826,5.1783121247057995,0.002851299999999668,0.0009311882489595951,4.4,2.6076809620810595,41.0947265625,0.0,42.0,0.0,41.0947265625,0.0,18.07470858000006,8.372683916605641,5,0.0,1.0,0.0,4,2.0,0.39333333333333337,0.01490711984999862,1.4199969179348102,0.09816192072759243,0.0,0.0,0,0,5,0.0,1.0,0.0,7.2,2.3874672772626644,0.2633333333333333,0.018257418583505533,1.5695946776947662,0.02632603100020639,0.013333333333333334,0.02173067468400883,0,0,2815320,1407660,704512
Beef,LoSTer-AlignedInit,5,5,0.10730049739921405,0.020910625307545026,0.10808394109592868,0.292811738703271,0.019684929966216146,0.2798730289468851,0.6796610169491525,0.028882713070330537,0.6943502824858757,0.37333333333333335,0.03836954811073781,0.38333333333333336,204.23465023999998,2.8461704274072854,4.6997320799999995,0.9294848500841615,0.0027616800000000554,0.0010170838618324203,2.2,0.4472135954999579,41.1357421875,0.0,42.0,0.0,41.1357421875,0.0,12.071929939999972,4.469686656126816,5,0.0,1.0,0.0,3.2,2.04939015319192,0.39666666666666667,0.007453559924999297,1.3863235074017681,0.11576155901133897,0.0,0.0,0,0,5,0.0,1.0,0.0,6.2,1.4832396974191326,0.26666666666666666,0.016666666666666663,1.5522191953153275,0.029087948277888524,0.013333333333333332,0.013944333775567926,0,0,2815320,1407660,704512
ECG200,LoSTer-Legacy-Clean,5,5,0.21452637900567165,0.04865697018470506,0.23027710797703674,0.12641559452886394,0.03522276551800008,0.13732848793645772,0.6169346733668342,0.020049117737256504,0.6231155778894473,0.743,0.021679483388678818,0.75,205.32120382000002,4.410587264484693,4.381826720000004,0.25128450520640916,0.005897640000006277,0.0016114001715801598,2,0.0,33.48388671875,0.0,34.0,0.0,33.48388671875,0.0,216.27441466,5.4758545671128855,2,0.0,1.0,0.0,52,8.0,0.74,0.040000000000000036,0.5695682978698097,0.047276884818290274,0.0,0.0,0,0,2,0.0,1.0,0.0,94.4,4.722287581247038,0.528,0.02361143790623521,0.6906825619122755,0.003116434704933934,0.001,0.0022360679774997894,0,0,2046336,1023168,512256
ECG200,LoSTer-NoResoftmax,5,5,0.2189739190912082,0.05155236156733817,0.23027710797703674,0.1299637186943768,0.03759161345482886,0.13732848793645772,0.6189849246231156,0.02132289359509862,0.6231155778894473,0.745,0.02291287847477922,0.75,206.8654578,3.876399750462548,5.9279873400000005,2.66445400724643,0.003528399999999721,9.540998375427713e-05,2.8,1.3038404810405297,33.47509765625,0.0,34.4,0.8944271909999159,33.47509765625,0.0,14.077324880000015,5.487326619302029,2,0.0,1.0,0.0,52.4,8.35463942968217,0.738,0.04177319714841088,0.5713591485297866,0.04875144134422178,0.0,0.0,0,0,2,0.0,1.0,0.0,93.6,4.722287581247038,0.532,0.02361143790623521,0.690201193578267,0.0034033178416591637,0.006,0.006519202405202648,0,0,2046336,1023168,512256
ECG200,LoSTer-AlignedInit,5,5,0.21452637900567165,0.04865697018470506,0.23027710797703674,0.12641559452886394,0.03522276551800008,0.13732848793645772,0.6169346733668342,0.020049117737256504,0.6231155778894473,0.743,0.021679483388678818,0.75,205.21457782000002,4.263977125413471,4.27728058,0.04116465378145395,0.003451299999999868,0.0001235859417570098,2,0.0,33.48388671875,0.0,34.0,0.0,33.48388671875,0.0,10.069868320000115,0.0076887665387498656,2,0.0,1.0,0.0,52,8.0,0.74,0.040000000000000036,0.5695682978698097,0.047276884818290274,0.0,0.0,0,0,2,0.0,1.0,0.0,94.2,4.494441010848846,0.529,0.02247220505424425,0.6906525594118554,0.003087969331179329,0.0,0.0,0,0,2046336,1023168,512256
OSULeaf,LoSTer-Legacy-Clean,5,5,0.15290312148784418,0.016491195730318722,0.1509754251413825,0.21652687354208072,0.02058128657944665,0.2064371413521587,0.7534070038271719,0.004224500652340308,0.754127291942418,0.38461538461538464,0.029843678638626508,0.38461538461538464,209.71878962,4.42156533771055,7.66958891999999,4.5143552060094425,0.008641719999997122,0.0031190426499044985,3.6,2.1908902300206643,44.58447265625,0.0,68.0,0.0,44.58447265625,0.0,218.2453953399999,4.4744105211231275,6,0.0,1.0,0.0,47.8,5.167204273105526,0.24479638009049776,0.014344676456241962,1.7514064193501548,0.020595138085877818,0.0,0.0,0,0,6,0.0,1.0,0.0,51.8,8.64291617453276,0.20180995475113123,0.012937537063797105,1.7755757419751304,0.009622350211972643,0.0036199095022624436,0.0041099326073721605,0,0,2727596,1363798,682752
OSULeaf,LoSTer-NoResoftmax,5,5,0.1505968945440156,0.0152292519026596,0.14930892478346702,0.21175903914045813,0.019418827312643477,0.20009922208349307,0.7535506510296427,0.004141229309826162,0.7546095361221412,0.38144796380090495,0.0286447140914324,0.38235294117647056,213.62510902,3.966420530642011,11.57703786,2.8831734986539286,0.008257200000000253,0.0019132187564415433,5.4,1.3416407864998738,44.44677734375,0.0,68.0,0.0,44.44677734375,0.0,20.077704419999826,0.014604325962477818,6,0.0,1.0,0.0,48.8,4.868264577855234,0.23891402714932128,0.017274759428797356,1.7557668780347322,0.019375228246356246,0.0,0.0,0,0,6,0.0,1.0,0.0,57,10.173494974687902,0.19592760180995475,0.015227437710827007,1.7807723175446102,0.009143187695195332,0.007692307692307693,0.0084046043533967,0,0,2727596,1363798,682752
OSULeaf,LoSTer-AlignedInit,5,5,0.15176644501239583,0.017641180681534935,0.1509754251413825,0.2139582662363931,0.021421297902239966,0.20462832786425855,0.7529719580139749,0.004577044029789417,0.754127291942418,0.383710407239819,0.031577097416050505,0.38461538461538464,206.95346852,2.3079847411696126,4.90591428,0.9298797176168654,0.008001060000000315,0.0033049054537155373,2.2,0.4472135954999579,44.58447265625,0.0,68.0,0.0,44.58447265625,0.0,12.070116220000092,4.475872940827569,6,0.0,1.0,0.0,47.4,5.319774431308154,0.24570135746606336,0.013909887917592222,1.7508277550216627,0.02036951582390522,0.0,0.0,0,0,6,0.0,1.0,0.0,51.8,8.87130204648675,0.20045248868778281,0.012858164921613412,1.7751561677545777,0.01008617304438979,0.0058823529411764705,0.004691502568626181,0,0,2727596,1363798,682752
ShapesAll,LoSTer-Legacy-Clean,5,5,0.3783524440935404,0.016558238669136697,0.3748671301571988,0.7189632122533671,0.005356941657672213,0.7201550998447654,0.9761139838754518,0.00147622417089389,0.9752946900194607,0.5181666666666667,0.01256096245427783,0.52,222.6594243,3.9252714801230177,12.963136860000002,4.077334252620788,0.018917279999999436,0.0031322276564724133,5.2,2.16794833886788,167.50732421875,0.0,212.0,0.0,167.50732421875,0.0,232.27234564000008,4.49208993003885,60,0.0,1.0,0.0,4.4,1.6733200530681511,0.068,0.01036822067666386,3.9144288973176815,0.03042931149874107,0.0005,0.0004564354645876384,0,0,60,0.0,1.0,0.0,4.2,2.04939015319192,0.03383333333333333,0.002862594006219612,4.01620393851352,0.009168559834362015,0.011833333333333333,0.010514540197058336,0,0,2929664,1464832,740096
ShapesAll,LoSTer-NoResoftmax,5,5,0.3741110057059832,0.021227816926060128,0.3784449884594215,0.7047268105730276,0.008205437167896347,0.7074579476731243,0.9775240478176258,0.0015779691982080546,0.9781276063386155,0.5101666666666667,0.014450586301062128,0.5158333333333334,243.17894328,4.8727836501795085,33.486530959999996,5.209142901333135,0.018090220000001978,0.0012512530986991028,14.4,2.3021728866442674,167.50732421875,0.0,232.0,0.0,167.50732421875,0.0,44.09063708000012,8.953629479926374,60,0.0,1.0,0.0,4.4,1.6733200530681511,0.0485,0.009002314517204268,3.9627990753432374,0.03099190761746289,0.0001666666666666667,0.000372677996249965,0,0,60,0.0,1.0,0.0,5.4,1.51657508881031,0.036166666666666666,0.005190803834132477,4.006044342977141,0.020289645775102973,0.003666666666666667,0.004880516821448774,0,0,2929664,1464832,740096
ShapesAll,LoSTer-AlignedInit,5,5,0.3787079808457758,0.01673635534852756,0.37491793036251136,0.7190511109131716,0.00535444084620246,0.7196983758518988,0.9761345565749235,0.0014705456421597756,0.9752724492632749,0.5185,0.013022416570411697,0.52,222.4674552,4.840395010780381,12.76632796,4.546279875664539,0.017801820000000034,0.0034926138366556244,5.4,1.9493588689617927,167.50732421875,0.0,252.0,0.0,167.50732421875,0.0,22.083588000000056,4.473241635523647,60,0.0,1.0,0.0,4.4,1.6733200530681511,0.06783333333333333,0.010062305898749051,3.9145929000680137,0.030111538196743136,0.0001666666666666667,0.000372677996249965,0,0,60,0.0,1.0,0.0,4.8,1.7888543819998317,0.034833333333333334,0.0027888667551135833,4.017167789837897,0.007295189019046279,0.014666666666666666,0.011720115661166108,0,0,2929664,1464832,740096
SemgHandMovementCh2,LoSTer-Legacy-Clean,5,5,0.10952193113003986,0.013031190557297435,0.1132496732565451,0.19453845192996752,0.016070190205579475,0.19600961745852025,0.7360222469410456,0.012179710213044951,0.7375033988382153,0.3491111111111111,0.013752665286014041,0.3522222222222222,227.27995855999998,6.871550901797037,21.117529659999995,7.012388324786662,0.013447099999996225,0.000247050885451585,9.4,3.1304951684997055,78.42822265625,0.0,98.0,0.0,78.42822265625,0.0,236.2613889399998,5.479618144884127,6,0.0,1.0,0.0,52,14.577379737113251,0.25133333333333335,0.0334202570344232,1.6885064028363448,0.0671662587525671,0.0,0.0,0,0,6,0.0,1.0,0.0,119.2,11.64903429473877,0.2071111111111111,0.027538973505350468,1.77837879302396,0.011614737511096852,0.0008888888888888889,0.0012171612389003691,0,0,4929392,2464696,1232128
SemgHandMovementCh2,LoSTer-NoResoftmax,5,5,0.10992358153035048,0.025542467642996045,0.12315356369119533,0.1864826477773863,0.02919189072396833,0.19960173186261454,0.7406674082313682,0.010347159663935344,0.7387096774193549,0.346,0.026534394171981283,0.36,232.21826002,2.5211175364420138,26.06849656,1.8549797962619754,0.01308232000000018,0.0002342737970828348,11.6,0.8944271909999159,78.29052734375,0.0,98.0,0.0,78.29052734375,0.0,34.08673634000006,5.481930510891708,6,0.0,1.0,0.0,52.6,15.453155017665487,0.2248888888888889,0.016696270005566075,1.7088686199014727,0.07160732350473566,0.0,0.0,0,0,6,0.0,1.0,0.0,131.8,7.463243262818116,0.1928888888888889,0.016189464643159103,1.7857666265154575,0.005381466290984475,0.0006666666666666666,0.0009938079899999065,0,0,4929392,2464696,1232128
SemgHandMovementCh2,LoSTer-AlignedInit,5,5,0.11002873923910592,0.017855751237962028,0.10753876442860384,0.19655441459749198,0.021318965620605684,0.20018379124534366,0.735902607835867,0.013529692071590797,0.7355778024966012,0.34755555555555556,0.01752247234373725,0.35555555555555557,225.19930435999999,5.034495013204072,19.04060298,5.411226262999309,0.014038240000000002,0.001422711602188373,8.4,2.5099800796022267,78.42822265625,0.0,98.0,0.0,78.42822265625,0.0,26.07896434000013,5.482085295284645,6,0.0,1.0,0.0,50.6,15.533834040570925,0.24644444444444444,0.025692867819496597,1.6861732245267562,0.06772492974578254,0.0,0.0,0,0,6,0.0,1.0,0.0,120.4,13.722244714331545,0.2117777777777778,0.025623099146600967,1.775850966527582,0.013404265507285953,0.0017777777777777776,0.003388433484883757,0,0,4929392,2464696,1232128
CinCECGTorso,LoSTer-Legacy-Clean,5,5,0.17064151172267186,0.027043710728307482,0.18176593067479824,0.274685651487635,0.018167161590339966,0.27044587587497787,0.679564263665148,0.01762293962841894,0.6847740424222573,0.4459154929577465,0.009146800291051069,0.4422535211267606,221.92061392,4.2843620221881045,7.679848040000001,4.236161882711889,0.019236100000006216,0.0002133878979681325,3.2,1.7888543819998317,81.28759765625,0.0,96.0,0.0,81.28759765625,0.0,232.23281585999976,4.462490475517297,4,0.0,1.0,0.0,228.8,59.03134760447198,0.3519718309859155,0.05033955324502345,1.3392384056654854,0.0358747377870929,0.00042253521126760566,0.00038572011091913107,0,0,4,0.0,1.0,0.0,283.2,27.16983621592151,0.30422535211267604,0.017054762025792022,1.3694241275118408,0.01178788246169167,0.0043661971830985915,0.003428355336517771,0,0,5213596,2606798,1302784
CinCECGTorso,LoSTer-NoResoftmax,5,5,0.1760480669358452,0.018325203891558183,0.17653993909548424,0.27458060956044633,0.015343677876373533,0.2732822866666469,0.6837282752186126,0.012125783681348366,0.6839373095514596,0.45,0.01166763487731047,0.44577464788732396,229.81222706,0.8356996757558611,15.57800828,1.1959012965431934,0.020157580000000053,0.001905469035959479,6.4,0.5477225575051661,81.22998046875,0.0,96.0,0.0,81.22998046875,0.0,24.086178620000283,5.488820558428434,4,0.0,1.0,0.0,237.8,51.88159596619981,0.3385915492957747,0.040997771868177525,1.3485750359287016,0.027007424651429055,0.00028169014084507044,0.00038572011091913107,0,0,4,0.0,1.0,0.0,320.8,14.463747785411636,0.2723943661971831,0.013036731103520662,1.3823568655188976,0.004990190596637301,0.003380281690140845,0.0009181975218595279,0,0,5213596,2606798,1302784
CinCECGTorso,LoSTer-AlignedInit,5,5,0.1705790678879406,0.02769448736116379,0.1817457566361237,0.27540015465982665,0.020037689729241515,0.2714754682494262,0.6794737416748553,0.01792283363906262,0.6847512134115475,0.44521126760563384,0.009173869898299743,0.44084507042253523,223.2209406,4.888648592447295,8.9702275,5.282966953139527,0.01995138000000054,0.0010199297117934314,3.6,2.1908902300206643,81.28759765625,0.0,96.0,0.0,81.28759765625,0.0,22.083982780000223,4.475870265205102,4,0.0,1.0,0.0,228.4,57.500434780964916,0.352112676056338,0.05118124594537077,1.3390270588991229,0.035952965085388686,0.00028169014084507044,0.00038572011091913107,0,0,4,0.0,1.0,0.0,279.6,25.28438253151538,0.30577464788732395,0.015327218477748344,1.3689821228356684,0.010801120432672841,0.004507042253521127,0.0041840706415529425,0,0,5213596,2606798,1302784
StarLightCurves,LoSTer-Legacy-Clean,5,5,0.5052886641515099,0.004016265000914412,0.50410975243741,0.6047455319453584,0.0024544155946868654,0.6053881682299049,0.7633641481521778,0.0017266277617880145,0.7628718676453312,0.7478345604157645,0.003890265098142437,0.7466435686444348,341.48833562,13.710141146618296,25.58913566000002,10.672607949901982,0.12148752000000514,0.01004903133251492,5.2,2.16794833886788,106.64111328125,0.0,138.0,0.0,106.64111328125,0.0,350.3160303600005,15.822281379032367,3,0.0,1.0,0.0,2581,0.7071067811865476,0.4064097011693374,0.015059850021045863,1.0854450490988174,0.004020692192772449,0.000303161541792984,0.00033721116289297176,0,0,3,0.0,1.0,0.0,2532.8,266.0802510521967,0.39220441749675183,0.029799843787911808,1.0856403314184524,0.00963227382971359,0.0066478995236032914,0.00764702232250149,0,0,3951104,1975552,987648
StarLightCurves,LoSTer-NoResoftmax,5,5,0.5002241218385566,0.005524701232389418,0.4973969802175678,0.608059526000905,0.003831820853095033,0.6084264635863513,0.7611138167707493,0.0024769316351496546,0.7598475211637427,0.7425075790385448,0.006036781853144034,0.7396058899956691,347.76969502,18.50956518395908,31.94864164,17.35106230384899,0.11015406000000069,0.0020544240319368286,6.6,3.646916505762094,106.64111328125,0.0,138.0,0.0,106.64111328125,0.0,46.10599889999976,18.185059093919463,3,0.0,1.0,0.0,2580.8,0.8366600265340756,0.3882416630576007,0.018497626782452415,1.0889390014499145,0.0034740859140828754,0.000606323083585968,0.0002717605110006742,0,0,3,0.0,1.0,0.0,2660.4,173.7794579344751,0.40145084452143787,0.027857309293228636,1.0866351891628692,0.009399242449266845,0.011996535296665223,0.011707000064724402,0,0,3951104,1975552,987648
StarLightCurves,LoSTer-AlignedInit,5,5,0.5050448583307577,0.0032600942494839537,0.5058126134761285,0.6049454681041347,0.0020722928829041056,0.6051091907876948,0.7632707540442838,0.0014145220908411656,0.7636140025975896,0.7476396708531832,0.0032258872624378204,0.7481593763533997,346.16817494,6.855008459919466,30.36751188,2.2469408327619638,0.11613141999999925,0.009033917107324934,6.2,0.4472135954999579,106.64111328125,0.0,138.0,0.0,106.64111328125,0.0,42.087007759999324,4.487757211432818,3,0.0,1.0,0.0,2581,0.7071067811865476,0.40517540060632307,0.01218321996699399,1.0859346446004547,0.0030225791325092124,0.000389779125162408,0.00035581803216013386,0,0,3,0.0,1.0,0.0,2491.8,267.44102153559015,0.3791468168038112,0.014134242351722696,1.086982741705697,0.006244457829403265,0.001429190125595496,0.0004424603018991457,0,0,3951104,1975552,987648
