dataset,candidate,seed,ARI_difference,NMI_arithmetic_difference,RI_difference,ACC_difference,epochs_difference,full_fit_estimate_seconds_difference,new_original_collapse,new_augmented_collapse
SyntheticControl,LoSTer-NoResoftmax,0,-0.0877415920887954,-0.06592681330245687,-0.019949916527545963,-0.07333333333333336,9,19.309109699999965,False,False
SyntheticControl,LoSTer-NoResoftmax,1,-0.07233549386939075,-0.05721605666700458,-0.01598775737340019,-0.05166666666666664,9,19.44263079999999,False,False
SyntheticControl,LoSTer-NoResoftmax,2,-0.08821714357384652,-0.052433642142911796,-0.0187033945464663,-0.06499999999999995,7,15.049345000000017,False,False
SyntheticControl,LoSTer-NoResoftmax,3,0.0038773370893818715,0.006390195745991201,0.001502504173622743,0.0033333333333332993,-4,-8.133510300000012,False,False
SyntheticControl,LoSTer-NoResoftmax,4,-0.05900707348884893,-0.059361610847137536,-0.011435726210350605,-0.03833333333333333,8,17.447920299999993,False,False
Beef,LoSTer-NoResoftmax,0,0.0010683153359565961,0.0021591701484484638,0.002259887005649719,0.0,0,0.08550859999999716,False,False
Beef,LoSTer-NoResoftmax,1,-0.014130221490659095,-0.018070942063853568,-0.002259887005649719,0.0,3,6.310454400000026,False,False
Beef,LoSTer-NoResoftmax,2,0.0,0.0,0.0,0.0,0,0.17127320000000168,False,False
Beef,LoSTer-NoResoftmax,3,-0.010643622099109393,-0.02132751547013295,-0.001129943502824804,-0.016666666666666663,2,4.29473329999999,False,False
Beef,LoSTer-NoResoftmax,4,-0.021885942391422095,-0.024550504903993187,0.01807909604519775,0.0,6,11.939364799999964,False,False
ECG200,LoSTer-NoResoftmax,0,0.0,0.0,0.0,0.0,0,-0.5427471000000139,False,False
ECG200,LoSTer-NoResoftmax,1,0.0,0.0,0.0,0.0,0,0.22804799999997272,False,False
ECG200,LoSTer-NoResoftmax,2,0.022237700427682777,0.017740620827564363,0.010251256281406995,0.010000000000000009,1,2.0178352000000075,False,False
ECG200,LoSTer-NoResoftmax,3,0.0,0.0,0.0,0.0,0,-0.03618999999997641,False,False
ECG200,LoSTer-NoResoftmax,4,0.0,0.0,0.0,0.0,3,6.054323799999963,False,False
OSULeaf,LoSTer-NoResoftmax,0,-0.0016665003579154902,-0.004891975648564112,-0.0001539077169329106,-0.0022624434389140746,4,8.3038028,False,False
OSULeaf,LoSTer-NoResoftmax,1,-0.0026945087177208116,-0.0045406175607621835,0.00048224417972320133,-0.004524886877828038,4,8.478255200000007,False,False
OSULeaf,LoSTer-NoResoftmax,2,-0.001497097813383752,-0.006337919268665643,0.0005027652086475598,-0.002262443438914019,0,-0.09788549999998963,False,False
OSULeaf,LoSTer-NoResoftmax,3,-0.005311111427844517,-0.007025127747271015,-8.208411569754492e-05,-0.006787330316742057,0,0.652108600000048,False,False
OSULeaf,LoSTer-NoResoftmax,4,-0.00036191640227839494,-0.001043531782849938,-3.078154338653771e-05,0.0,1,2.1953159000000255,False,False
ShapesAll,LoSTer-NoResoftmax,0,-0.0003322903433369828,-0.013569046002719576,0.0012871837642479678,-0.0033333333333334103,13,30.281392899999986,False,False
ShapesAll,LoSTer-NoResoftmax,1,-0.001773275356080628,-0.01601957730095127,0.0019974979149290917,-0.009166666666666656,8,13.68481109999999,False,False
ShapesAll,LoSTer-NoResoftmax,2,-0.01647291086816799,-0.018515778278801354,0.00020989713650254593,-0.013333333333333364,10,23.12256929999998,False,False
ShapesAll,LoSTer-NoResoftmax,3,0.0035778583022226806,-0.012697152171641135,0.002881567973311072,0.0016666666666665941,7,17.12202039999997,False,False
ShapesAll,LoSTer-NoResoftmax,4,-0.006206573672422944,-0.010380454647584636,0.0006741729218793235,-0.015833333333333255,8,18.386801200000008,False,False
SemgHandMovementCh2,LoSTer-NoResoftmax,0,-0.012896211934775997,-0.026048443022829743,0.004629835619824441,-0.016666666666666663,5,11.574607299999968,False,False
SemgHandMovementCh2,LoSTer-NoResoftmax,1,0.02155800686333538,0.006423402926098082,0.009133605240390641,0.0222222222222222,0,-0.1910511000000099,False,False
SemgHandMovementCh2,LoSTer-NoResoftmax,2,0.008319713572612367,0.006140430941054431,0.0037127672722777616,0.005555555555555591,0,0.07679740000003221,False,False
SemgHandMovementCh2,LoSTer-NoResoftmax,3,0.009903890434650231,0.007728078180498643,0.004543319737980389,0.007777777777777772,-1,-2.271277700000013,False,False
SemgHandMovementCh2,LoSTer-NoResoftmax,4,-0.02487714693426883,-0.03452248978772754,0.0012062785811396415,-0.034444444444444444,7,15.502431400000006,False,False
CinCECGTorso,LoSTer-NoResoftmax,0,0.02420555472903138,0.019168147179905448,0.014095425264766925,0.02042253521126758,4,9.913805400000001,False,False
CinCECGTorso,LoSTer-NoResoftmax,1,-0.005225991579313999,-0.01657629056839416,-0.0008367328707976629,0.0014084507042253502,4,9.876658399999997,False,False
CinCECGTorso,LoSTer-NoResoftmax,2,-0.004046312291797499,-0.004401814085992772,-0.0017866182294613564,-0.0035211267605633756,2,5.0323346999999785,False,False
CinCECGTorso,LoSTer-NoResoftmax,3,0.009756794380305633,-0.0015516629531309167,0.007517692483300142,0.004225352112676051,1,2.5337657000000036,False,False
CinCECGTorso,LoSTer-NoResoftmax,4,0.0023427308276413317,0.0028364107916690195,0.0018302911195148264,-0.0021126760563380254,5,12.10150150000004,False,False
StarLightCurves,LoSTer-NoResoftmax,0,-0.0012928041980847516,0.0007694708624209623,-0.0005390971465204508,-0.0011909917713296414,0,0.044712199999935365,False,False
StarLightCurves,LoSTer-NoResoftmax,1,0.0031146835105267945,0.0001079383835311809,0.0014322149410407325,0.0033564313555651815,0,-1.0606516000000283,False,False
StarLightCurves,LoSTer-NoResoftmax,2,-0.008304629480627768,0.004990518767678753,-0.00375424148297554,-0.009094846253789535,0,-0.3889013000000432,False,False
StarLightCurves,LoSTer-NoResoftmax,3,-0.014156860478627797,0.009452911343973969,-0.006239819092588195,-0.014508445214378551,8,37.69812939999997,False,False
StarLightCurves,LoSTer-NoResoftmax,4,-0.0046831009179527094,0.0012491309201280165,-0.002150714126099129,-0.005197055002165496,-1,-4.886491700000022,False,False
SyntheticControl,LoSTer-AlignedInit,0,0.0,0.0,0.0,0.0,0,0.18184699999997633,False,False
SyntheticControl,LoSTer-AlignedInit,1,-0.0033707258409367835,-0.0016182503363058043,-0.0012242626599888728,-0.0033333333333332993,2,4.6370012000000145,False,False
SyntheticControl,LoSTer-AlignedInit,2,-0.0023580503600250657,-0.0033635309747436226,-0.0005063995548135747,-0.0016666666666665941,-2,-4.133547199999981,False,False
SyntheticControl,LoSTer-AlignedInit,3,0.004001439134766582,0.0064565072403010015,0.0015358931552588162,0.0050000000000000044,-4,-8.105144499999994,False,False
SyntheticControl,LoSTer-AlignedInit,4,-0.0013554021418203943,-0.0007045824070985862,-0.0005731775180857213,-0.0016666666666665941,1,2.460775600000005,False,False
Beef,LoSTer-AlignedInit,0,0.0,0.0,0.0,0.0,0,0.22168689999998037,False,False
Beef,LoSTer-AlignedInit,1,0.0,0.0,0.0,0.0,0,0.3032209999999793,False,False
Beef,LoSTer-AlignedInit,2,0.0,0.0,0.0,0.0,0,0.09869399999999473,False,False
Beef,LoSTer-AlignedInit,3,0.0,0.0,0.0,0.0,0,0.0511576999999761,False,False
Beef,LoSTer-AlignedInit,4,0.0,0.0,0.0,0.0,0,0.11277949999998782,False,False
ECG200,LoSTer-AlignedInit,0,0.0,0.0,0.0,0.0,0,-0.4751978000000179,False,False
ECG200,LoSTer-AlignedInit,1,0.0,0.0,0.0,0.0,0,0.008303699999999026,False,False
ECG200,LoSTer-AlignedInit,2,0.0,0.0,0.0,0.0,0,0.0664436000000137,False,False
ECG200,LoSTer-AlignedInit,3,0.0,0.0,0.0,0.0,0,0.02210759999999823,False,False
ECG200,LoSTer-AlignedInit,4,0.0,0.0,0.0,0.0,0,-0.15478710000002138,False,False
OSULeaf,LoSTer-AlignedInit,0,0.0,0.0,0.0,0.0,1,2.044758200000018,False,False
OSULeaf,LoSTer-AlignedInit,1,0.0,0.0,0.0,0.0,0,0.15475750000001653,False,False
OSULeaf,LoSTer-AlignedInit,2,-0.005335659429604761,-0.00969430477801475,-0.002052102892438956,-0.004524886877828094,-4,-8.34148319999997,False,False
OSULeaf,LoSTer-AlignedInit,3,-0.0003477229476370469,-0.0031487317504233225,-0.0001231261735463729,0.0,-4,-7.853452899999951,False,False
OSULeaf,LoSTer-AlignedInit,4,0.0,0.0,0.0,0.0,0,0.168814900000001,False,False
ShapesAll,LoSTer-AlignedInit,0,0.0,0.0,0.0,0.0,0,0.041190399999976535,False,False
ShapesAll,LoSTer-AlignedInit,1,-0.0009537224826817181,-0.0004050841005879269,-5.6991937725903163e-05,0.0,1,-2.177402000000029,False,False
ShapesAll,LoSTer-AlignedInit,2,0.0011850257855994806,0.00041479540939526327,9.591326105085063e-05,0.0,2,5.171172299999995,False,False
ShapesAll,LoSTer-AlignedInit,3,5.080020531256224e-05,-0.00045672399286667,2.6410897970507996e-05,0.0,0,0.32097989999999754,False,False
ShapesAll,LoSTer-AlignedInit,4,0.001495580252946549,0.0008865059830820421,3.753127606331841e-05,0.0016666666666667052,-2,-4.315786099999997,False,False
SemgHandMovementCh2,LoSTer-AlignedInit,0,-0.0033248609599189904,-0.00561485332845138,-0.0007069583487826492,-0.005555555555555536,5,10.82824979999998,False,False
SemgHandMovementCh2,LoSTer-AlignedInit,1,-0.0031805737523329103,-0.0007202764256483418,-0.0012334692868618546,-0.007777777777777772,-6,-13.270897600000012,False,False
SemgHandMovementCh2,LoSTer-AlignedInit,2,0.008891153565146873,0.012784562776522124,0.0026300828080583205,0.004444444444444473,0,0.19588150000004134,False,False
SemgHandMovementCh2,LoSTer-AlignedInit,3,0.006276714463749833,0.008310137563227765,0.0006377456433073192,0.003333333333333355,-4,-8.59322739999999,False,False
SemgHandMovementCh2,LoSTer-AlignedInit,4,-0.006128392771314495,-0.00467975724802791,-0.0019255963416140442,-0.0022222222222222365,0,0.43672269999999,False,False
CinCECGTorso,LoSTer-AlignedInit,0,0.0,0.0,0.0,0.0,0,0.17813789999999585,False,False
CinCECGTorso,LoSTer-AlignedInit,1,-2.017403867454748e-05,0.002206125650918489,-2.2829010709712882e-05,0.0,0,0.24334139999999138,False,False
CinCECGTorso,LoSTer-AlignedInit,2,0.0003093839003016907,0.002647046622964111,2.9776970491002253e-05,-0.0014084507042253502,-2,-4.355638200000016,False,False
CinCECGTorso,LoSTer-AlignedInit,3,-0.0014913837303078548,-0.002310248787372793,-0.0008387180021637297,-0.0014084507042253502,0,0.45064930000000913,False,False
CinCECGTorso,LoSTer-AlignedInit,4,0.000889954695024453,0.0010295923744483293,0.0003791600909190951,-0.0007042253521126751,4,9.985143000000022,False,False
StarLightCurves,LoSTer-AlignedInit,0,-0.0013770069232089677,0.001630376481601803,-0.000541348171968048,-0.0011909917713296414,4,19.433519699999977,False,False
StarLightCurves,LoSTer-AlignedInit,1,0.0,0.0,0.0,0.0,0,-0.5507663000000207,False,False
StarLightCurves,LoSTer-AlignedInit,2,0.004266416675730245,-0.002836948645561388,0.001808980325334164,0.0041143352100476704,-1,-4.459400800000083,False,False
StarLightCurves,LoSTer-AlignedInit,3,-0.004108438856281871,0.0022062529578410484,-0.0017346026928360958,-0.0038977912516241497,2,9.037693699999977,False,False
StarLightCurves,LoSTer-AlignedInit,4,0.0,0.0,0.0,0.0,0,-0.06184970000009571,False,False
