dataset,candidate,paired_seeds,ARI_paired_mean_difference,ARI_paired_sample_sd,NMI_arithmetic_paired_mean_difference,NMI_arithmetic_paired_sample_sd,RI_paired_mean_difference,RI_paired_sample_sd,ACC_paired_mean_difference,ACC_paired_sample_sd,ARI_sample_sd_reduction
SyntheticControl,LoSTer-NoResoftmax,5,-0.06068479318629995,0.038068763180056864,-0.04570958544270391,0.029525891681834313,-0.012914858096828064,0.008696120935385153,-0.045,0.0301155183326544,-0.02349426347065052
Beef,LoSTer-NoResoftmax,5,-0.009118294129046797,0.009712996237803943,-0.012357958457906248,0.012502154651680787,0.0033898305084745896,0.00837988529615329,-0.0033333333333333327,0.007453559924999297,-0.0013215883417647019
ECG200,LoSTer-NoResoftmax,5,0.004447540085536555,0.009945001963914967,0.0035481241655128727,0.007933846826696499,0.002050251256281399,0.004584501179999551,0.0020000000000000018,0.004472135954999584,-0.00289539138263311
OSULeaf,LoSTer-NoResoftmax,5,-0.002306226943828593,0.0018724567441371122,-0.004767834401622578,0.002318297234835617,0.00014364720247075357,0.00032153250255983665,-0.003167420814479638,0.0025795824097265426,0.0012619438276591215
ShapesAll,LoSTer-NoResoftmax,5,-0.004241438387557172,0.007680907232159239,-0.014236401680339595,0.003129527102267125,0.0014100639421740003,0.001061536419454436,-0.008000000000000018,0.0071831206465032636,-0.004669578256923431
SemgHandMovementCh2,LoSTer-NoResoftmax,5,0.00040165040031062973,0.01881774724978387,-0.008055804152581225,0.020521525113831075,0.004645161290322575,0.0028658335856808492,-0.0031111111111111088,0.022366200249042005,-0.01251127708569861
CinCECGTorso,LoSTer-NoResoftmax,5,0.00540655521317337,0.012084305305176108,-0.000105041927188676,0.012961143445245028,0.004164011553464575,0.006628420716095514,0.004084507042253516,0.00962240904360337,0.0087185068367493
StarLightCurves,LoSTer-NoResoftmax,5,-0.005064542312953247,0.006603780271489184,0.0033139940555465762,0.003921545983568516,-0.0022503313814285163,0.002944365441501861,-0.005326981377219609,0.006910517916408297,-0.001508436231475006
SyntheticControl,LoSTer-AlignedInit,5,-0.0006165478416031323,0.0028666255469427275,0.00015402870443059768,0.0037415362043057556,-0.00015358931552587052,0.0010398090488341694,-0.0003333333333332966,0.0032058973436118695,-0.001483050357735008
Beef,LoSTer-AlignedInit,5,0.0,0.0,0.0,0.0,0.0,0.0,0.0,0.0,0.0
ECG200,LoSTer-AlignedInit,5,0.0,0.0,0.0,0.0,0.0,0.0,0.0,0.0,0.0
OSULeaf,LoSTer-AlignedInit,5,-0.0011366764754483615,0.002352127002728331,-0.0025686073056876146,0.004210265410606694,-0.0004350458131970658,0.0009055332735282315,-0.0009049773755656187,0.0020235909298640807,-0.0011499849512162132
ShapesAll,LoSTer-AlignedInit,5,0.00035553675223537473,0.0009900986982898873,8.78986598045417e-05,0.00056833246254452,2.0572699471754774e-05,5.576151676545337e-05,0.000333333333333341,0.0007453559924999471,-0.000178116679390862
SemgHandMovementCh2,LoSTer-AlignedInit,5,0.000506808109066062,0.00663124105348533,0.002015962667524451,0.008156721281436843,-0.00011963910517858168,0.0018015025232249967,-0.0015555555555555433,0.005363341504954306,-0.004824560680664593
CinCECGTorso,LoSTer-AlignedInit,5,-6.24438347312517e-05,0.0008793284393993021,0.0007145031721916273,0.001982333360809071,-9.052199029266906e-05,0.00044934589676778246,-0.0007042253521126751,0.0007042253521126751,-0.0006507766328563078
StarLightCurves,LoSTer-AlignedInit,5,-0.00024380582075211876,0.003028222364777649,0.00019993615877629268,0.0019604900449482106,-9.339410789399594e-05,0.0012777618973997956,-0.00019488956258122413,0.0028874332266407123,0.0007561707514304587
