dataset,split,sha256
SyntheticControl,TRAIN,58af636cbd5592bdda45ba638629e40f17c08354aa545a61fd41b92582bdd176
SyntheticControl,TEST,cd44464b200820913f928a952af78d512ee3924f6243053d28a6d45c0aacdb76
Beef,TRAIN,a62197379ea58236e8b9dea739a821b309ab6782d1521d5e5758cadefe90b3fe
Beef,TEST,17cd4d7c06d71d5a6685923e82c222e418746693a02b83e30d11a979a209461f
ECG200,TRAIN,bd08b37147ebf205231ad43e02c42dd5c14bc348f4ccc7614f85634c8916bf21
ECG200,TEST,c8ac02caf98be23c47c044fde026219301ceaf0b2f97bc107bd0cd96330b867c
OSULeaf,TRAIN,04684daa02bc30798ac0bad45f2b48440446b74e7b47ca4626df933a4f88e816
OSULeaf,TEST,89c846159a1ac5480bcc4e22f01afe0d3a67ef59878c27fca6d3ee9b0da980e9
ShapesAll,TRAIN,c55ab9de74bc5cc1068ea45999a76f551b3d58f64caf66dcc3151882142d337e
ShapesAll,TEST,1a0de98184a51d4827acec26b664c2212ef0893c840ffd05495d372dffa2bfc7
SemgHandMovementCh2,TRAIN,ccabc71db1268515d9b7c223e13dc6ac24e8c65047bf15089a8de668455b12f7
SemgHandMovementCh2,TEST,b28e1dd781709df367e8ad422caac19660a5ed5682a3138310461cbf4573da35
CinCECGTorso,TRAIN,0dd93f5adc3a7bda151ae51a902d2401c68149eef785c4c5d31763f63b5dedf7
CinCECGTorso,TEST,275fc4bb8bfe28c2f267a08538d05de9f354ad07ae1d43ebea59b583da9b7f5d
StarLightCurves,TRAIN,8c171463318542bfed0414100f83acd5c659740bcbf648e2f0caf2fabde227bd
StarLightCurves,TEST,7644523320da405ecd86ab3a78dc25da71d621023cf7c243368439ca4b6767fc
