dataset,seed,snapshot,affected_series_fraction,nonincreasing_step_fraction,minimum_coordinate_difference,negative_coordinate_difference_series,snapshot_sha256
SyntheticControl,0,A_init,0.745,0.1723446327683616,-3.362299216402981,282,590ef2dc9e7fdac11a18e6995e1db229ffcbecec7f5af381e5272b62c10d3352
SyntheticControl,0,A_train,0.7116666666666667,0.16635593220338982,-2.8625204996881735,259,63e0613e1e37859ac6f722946c2981fcebfd4b03e3eb658e44718dcbd025b066
SyntheticControl,1,A_init,0.735,0.17228813559322034,-4.527255686268489,282,6b00ae3b3800a7cfee2ba5fcb272125f18c6421cd53c772326586cd69c72fe1e
SyntheticControl,1,A_train,0.7366666666666667,0.1690960451977401,-2.5244070335612214,286,450777c5350c2f68a1fb1384ce0a9b27c05a3977a4e474a0d537bed03049ee3d
SyntheticControl,2,A_init,0.705,0.16146892655367232,-3.5045785506181026,264,89e866b5d9cafdec8cd6f71946fd894fcb970945d66a3d1bdec319811f3f4c40
SyntheticControl,2,A_train,0.7233333333333334,0.162090395480226,-3.541669777621337,264,8e9cc1d12996ea770b981d03ee345fc9a537f38c838e1b92cc6a3537c64e5f54
SyntheticControl,3,A_init,0.685,0.15624293785310733,-2.8845724683223253,270,739d9fc7450e7c5dc5a96a93ac98d2b5a700c4edf8955780139c4b737ff8e18c
SyntheticControl,3,A_train,0.7383333333333333,0.16915254237288135,-2.817447901869116,268,ea580036221deb9402ff3c0923771cad81ae0fefe2f7797d76eba95844ec9245
SyntheticControl,4,A_init,0.6683333333333333,0.1543220338983051,-4.911460052078773,222,77285fab73bd75567fcf5b3c0878c43374f6eaec178936bc5e8e8585bf6abd2f
SyntheticControl,4,A_train,0.7066666666666667,0.1598587570621469,-2.925911376217787,264,9f4fc41f3b48638022c1cd29f2c07db6e1bc4f34439d65b6ec0173742796e3e6
Beef,0,A_init,0.7833333333333333,0.17405828002842927,-3.0101171777998843,26,bec13fc47c19af0be85c0e60d1ac7f444277e3963e2e68041da89cb79b8ce096
Beef,0,A_train,0.7833333333333333,0.20483297796730632,-1.0857177676559786,24,394d32b5d8152d5259ae40ddc946366d4eff5fa94a23987a40d791fc17d353ef
Beef,1,A_init,0.7166666666666667,0.17764747690120825,-3.576141272918335,31,8f8cfe8585b4dba832c32c09c6030968b7624c01a10e9a13bd232940f7a1db52
Beef,1,A_train,0.7,0.14068941009239516,-1.5495131156811226,19,c84629d83cb9c3c96a44b5a250e53422a05047cd8bfdbf8c5e9429142c26a849
Beef,2,A_init,0.7,0.17231698649609098,-1.3355729184564211,22,87501e209638e73eb57013e223344ceb5f9c734fe834e14442af206d8dbd7e61
Beef,2,A_train,0.7666666666666667,0.17334754797441365,-2.7568753450120767,32,b214a65dab9239d3d45fd2ee286af78d2cf2a575e0572af47a1800c7be9a74db
Beef,3,A_init,0.8166666666666667,0.17039800995024876,-1.5974566757607676,32,e033489965fe5e6a2101209f1d2e2646feeeddc5b6f3b348f01f2eb49bf4bbda
Beef,3,A_train,0.7166666666666667,0.16751954513148543,-2.022972998862258,27,6f99f04764e6aed3523e084cebe3e9aa07f27739372d6ed821438303526cea4b
Beef,4,A_init,0.6833333333333333,0.15501066098081023,-1.6551886917186494,26,e09014485dffe344d116849900a7d865fd7aeef1cc89a65030ec71b3d9606093
Beef,4,A_train,0.7,0.14378109452736318,-2.484188309121123,26,f62132980c5a02056ce83326615a05e083111555d3054b78f790db177d0c8d82
ECG200,0,A_init,0.715,0.16889473684210526,-2.803745327032047,83,2a29d5288b72895fd7f47e9781d9ef6c875f438fd4ee2f2e73fab5ad01c09830
ECG200,0,A_train,0.725,0.17005263157894737,-3.8505060911061264,86,990e01a836020913a6fdabb9130485a6de22a59d19ee74a4c60e30e26d8a246f
ECG200,1,A_init,0.73,0.15226315789473685,-2.220996925903677,87,2fd61b86255e91bf6bbe5406aff3df06d59f72b5b98caf4c8343e4b7d352a38b
ECG200,1,A_train,0.77,0.18147368421052631,-2.0764980917970206,98,195a633d101e2be04b59bfd9a62ecce3f7af6e085b211c45886194b9a80b8795
ECG200,2,A_init,0.755,0.17784210526315788,-3.0732370207698594,84,81c68a28b2c0fde5f0e5fe195ebd1d07b9fb40a8a5eb282a51880be625136bd6
ECG200,2,A_train,0.72,0.1568421052631579,-2.8100371538686346,94,d554da657a582fcf179a68872a1826254b7a1cc3e0a04c797cc1e4d356982832
ECG200,3,A_init,0.67,0.15842105263157893,-2.4403950688050458,78,7b6ad8e1ec2dca995a4b111519e4f619dabc024660896c591367916c6b1711e9
ECG200,3,A_train,0.715,0.1464736842105263,-2.198552440920274,80,1cbf1c16513c868b7ed19b10cf9ab09cd5e5688df7212a6a9a79e85436a47f40
ECG200,4,A_init,0.745,0.1676315789473684,-2.582483552024641,85,d7b163390faa1c5ffef13973f9b560edc41354c83630c5a8fae192155411f312
ECG200,4,A_train,0.72,0.15863157894736843,-2.8004669867378666,77,b6796e22cacb31416171697f5eeadf4fd778870b0a71a1dc59d8ac52c7e6cca3
OSULeaf,0,A_init,0.751131221719457,0.1713561914473265,-2.815443972321532,188,afdb2c567e86cde165c09ebc99dbb54fa8dabb24985dd5e230360e522fdc4da2
OSULeaf,0,A_train,0.7330316742081447,0.16729866377753702,-2.8056212152379203,199,facce6d76aebee192adef447842038b33a970e60f1d5a46890d9f4e2dd23ebe6
OSULeaf,1,A_init,0.7171945701357466,0.1620302508869203,-3.180713123487749,186,73dc738bda09107fd2d0dc257ede895c7fb1cf9cca10a148603269c23dfd4c62
OSULeaf,1,A_train,0.7104072398190046,0.15216259851719668,-2.5097922200912137,195,6a143ca93ef90383c1c7b9d1194df4cdf4667cdd621b4d60930b8ffb3945dce7
OSULeaf,2,A_init,0.751131221719457,0.16990100482229728,-3.2220868822634543,183,0369903d71155938196e4694f1c2eba871be51b5053ffcfb1ded64b77c4be8ac
OSULeaf,2,A_train,0.6968325791855203,0.1616478660803433,-2.3825742520551216,198,3e0f48b1ddd0cea2e79fc3f38b3a754580099b05ce20aa826313b8ce4c93a6d6
OSULeaf,3,A_init,0.748868778280543,0.17608289252862575,-4.658324423253305,207,d4b7e433b1e06edb476d4ab60fc84582768742d24ae5cef3e249e09d0f36d9ce
OSULeaf,3,A_train,0.7285067873303167,0.16435642512693052,-2.5142226558142795,177,7ed7c9f55f5f28bbc42665e72008c524844a2025ac19670db34b05cbc67e520d
OSULeaf,4,A_init,0.7262443438914027,0.17828691606653496,-2.7914657478811478,200,7011d36bd261c38f7100d47cee195b9689f7b90fb20577efeb0c56f6af31d0a6
OSULeaf,4,A_train,0.7420814479638009,0.16270473519852144,-2.7314122903139832,195,03836de4c564357633bb98452754bf5efffb725406ed37c17e1fe56f442c491d
ShapesAll,0,A_init,0.7208333333333333,0.16661611219830397,-3.925940268147315,516,f08c0f0422334a53f7ff9c096ecfbf12d401d2682f6c8fa5020fe66081040e9e
ShapesAll,0,A_train,0.7375,0.16779517286366602,-5.538451540524477,554,a79666d0bea091ddd8be15dd456a55255bd28aa7a858c19685c2efbe708c7b35
ShapesAll,1,A_init,0.7308333333333333,0.16570776255707761,-4.623623609070762,556,2c668a69240da40a934f5d4ee99380860f310a6dd29b136e94f1a4ce13ed2674
ShapesAll,1,A_train,0.7333333333333333,0.1695221787345075,-4.368610588122408,555,2ff5129b32e1ef4a006299d052d102772cfde09c3537a1a54b547364531379f7
ShapesAll,2,A_init,0.7208333333333333,0.16767449445531638,-3.996229767748787,536,a01086d288eac4b9032203a02340a209b98139256cc864bbfb1fb8cdde3cbdad
ShapesAll,2,A_train,0.7175,0.1682061317677756,-3.554919420880367,538,88ed938dfb48338fdcaea22261f5edb3fbb928be559ff094887d9b4e92f1aa5a
ShapesAll,3,A_init,0.7141666666666666,0.16883561643835615,-3.1154464985378354,532,97f6d61f04ad88e073a49942dc5403df5d46317e00f52f29fb21567b930fe060
ShapesAll,3,A_train,0.7291666666666666,0.17004729288975864,-4.658409647589849,555,8a38cf41ed9ccdfa722b8a5fa2de323c54608ee75f117ac37184549ac29ae3f3
ShapesAll,4,A_init,0.7208333333333333,0.15811806914546642,-3.785717884564747,522,a034bf929e3e796e9f38b8a1fde7a537aad3d4af1dceb1e448733f830e237583
ShapesAll,4,A_train,0.7058333333333333,0.1623679060665362,-5.393955023485489,477,6a66a1cf2268541988351253b7c9f30e5a69f759750d5811b78ffeac914ab50e
SemgHandMovementCh2,0,A_init,0.7244444444444444,0.16415758653917426,-4.2098805028279,384,8146f4717ff04e88012d893a0ceb30fefd3f0fb0355fb8a6c8b6cafa744f9f1a
SemgHandMovementCh2,0,A_train,0.7222222222222222,0.16195982506856424,-2.2000419022715505,362,5717f413e369154603d9b9ca0a33612fa2b8cfbcecabe6c363ed19b695e384ab
SemgHandMovementCh2,1,A_init,0.7188888888888889,0.15483136906085537,-4.376108126530653,374,97fb8c2773ad03a5cdb02a96f009598aa3f6297b451665042b9ce738f1170481
SemgHandMovementCh2,1,A_train,0.7277777777777777,0.17138981543251056,-2.6260710728322465,379,32fe0e4f16894db4bbb664438de46bd9afdfe0150bbc94b407f967ddd4629183
SemgHandMovementCh2,2,A_init,0.6966666666666667,0.1613468238084649,-3.425246818311507,365,56c8903ca16abc1be7e1ef3a22e04ed789896428aefb1472a2fe52fc905b72a6
SemgHandMovementCh2,2,A_train,0.71,0.1610747906011415,-4.450621064906954,386,8aa53a49a7ea5e8691d0e83e5fe96dea23fc1702bb047ead8d097dd150947510
SemgHandMovementCh2,3,A_init,0.74,0.1709302497961604,-5.401806406297737,382,5fb663a6592d8a70408a2ffa51ee1ef5311b49439a3a65d471d6225cfe028ea2
SemgHandMovementCh2,3,A_train,0.7477777777777778,0.17154769846564377,-3.406068042330844,388,795af2826cab5698ae55ab7c7a57a0cccd7b79378644ccef60863b8d8d220c76
SemgHandMovementCh2,4,A_init,0.7122222222222222,0.16715884663849975,-3.335902730145108,373,0c89f873cca6f42040e488de78f8272970364f21a6c871faf69b53953018630f
SemgHandMovementCh2,4,A_train,0.7166666666666667,0.16192498702838928,-3.068506782414943,365,1a02a9b236eaa54b01a8f6f7a2ec6a0cb5184252d7b5da7ff1cf4418c81e4d35
CinCECGTorso,0,A_init,0.7380281690140845,0.1560650226143184,-4.490426524291365,644,066295ab935fe6a6b5da4c49af75f83821312c713518024b02b4a63487cb2d93
CinCECGTorso,0,A_train,0.7380281690140845,0.1703812619305577,-4.209883437298913,628,2ec63491e87db6613ba351121a8f228bc6daf73f10e2e378d4dbb76cd2533fcf
CinCECGTorso,1,A_init,0.7267605633802817,0.17126175858570225,-3.787574570351808,610,90e290e04e54c9cc8ed4c9471aa21500e24c7ec74ada0b050266d81e9c5e02de
CinCECGTorso,1,A_train,0.719718309859155,0.16641085831226676,-5.364204310403352,589,7d331f013840f0f1e676a81274c8a363029fb46393dfd770175ce5ba0a0d931a
CinCECGTorso,2,A_init,0.7267605633802817,0.16369241087550948,-3.623037629504779,592,5bab736f8f73dec7418bcaa5acb734425b43b3b42a10f2ad7de6f0cb72311901
CinCECGTorso,2,A_train,0.7316901408450704,0.16981117474075222,-3.6512623392602563,597,5bb804d2f0235d0376413f991d401c124f0e5426ed1abcd29cce905f979c94de
CinCECGTorso,3,A_init,0.7281690140845071,0.16606433472630655,-4.104463551521803,602,b5b0104c926f4af2ad4ae8fecb607bada90cb90c52083bc62a5dea52b45f218a
CinCECGTorso,3,A_train,0.719718309859155,0.16672040791759102,-4.658778804096528,626,735399932b6349746d47fd7692c7c4fbbccf08b07e5f6562e531211203e3c08e
CinCECGTorso,4,A_init,0.7316901408450704,0.1667707097284562,-5.025009374685396,627,e2af7dcf88b030ace26ea9cda50e1304573dadee5d0adbddae5f95a93222a9ef
CinCECGTorso,4,A_train,0.7330985915492958,0.17052399869301277,-3.44567807268254,635,d5262965444150b2db91a87821b8baeb097871e3de04f8bc5abe125b5e029090
StarLightCurves,0,A_init,0.7218492854049372,0.16468422048620152,-6.140273252973202,4196,2fef7fe36506b2cf14c9231197d6be30f5b9ecabb73a0a00f7b8ab77997f0966
StarLightCurves,0,A_train,0.7289952360329147,0.16855100128825662,-6.160156719508336,4266,96cbd3122338af6f1e8688f9458bb72599ba6b03f4e9ad26cc616d03d94f4c96
StarLightCurves,1,A_init,0.71654395842356,0.16379338446564867,-4.58319767253613,4117,ab6a5496319b3c4ad8860b813b40f5f1cfe04fc6eb9374d2e7e8ac464162b0de
StarLightCurves,1,A_train,0.720441749675184,0.16443677191592082,-6.3195199843153205,4155,ddd539cf3455cb59fa7e32f219ec679f55773e0c49fe9dfee37339226a063729
StarLightCurves,2,A_init,0.7256388046773495,0.1661675360176317,-5.2722065636980915,4181,3bd5b9702f340effbb135315735f65b48521954b1d81dc3e9b6308be7274495f
StarLightCurves,2,A_train,0.7240147249891729,0.16811876007310422,-4.421603358930952,4189,f620bc8512ec56ce5f6b0fc9683e11776aca724c2e02e8e7730fcd0ea1373575
StarLightCurves,3,A_init,0.7199003897791252,0.16364457664280238,-5.111940335268628,4072,06b743cd53bd6c4780163cf0b04af87aa73c2677e24c75bcd52c7e8869c25689
StarLightCurves,3,A_train,0.7301862278042442,0.16769540922574633,-5.196657538009958,4114,9bac7661bf554ba8038c9f8af9a947658a86d1caf0af53575b22ae656ab6f0f0
StarLightCurves,4,A_init,0.722932005197055,0.16504396286874387,-4.1971071958435004,4089,3b519b8126488ad8f6679a4be19a2850a3207c811300db59ffb8abdbaf92df3b
StarLightCurves,4,A_train,0.719467301862278,0.16310745025521706,-6.020821699433441,4203,8ab5f23e3c489a8d432202c447a425949baf0912db172122f1445c2b1df431ac
