dataset,seed,snapshot,index,length,nonincreasing,negative,duplicates,minimum_increment,longest_nonincreasing,clipped,lower_boundary_fraction,upper_boundary_fraction,endpoint_order_valid,monotone_minimum_increment,monotone_nonincreasing,historical_displacement_mean,monotone_displacement_mean,path_difference_mean,output_correlation,output_mse,historical_prewarp_correlation,monotone_prewarp_correlation,original_finite_rate,original_variance,original_difference_energy,original_total_variation,original_repeated_fraction,original_large_jump_fraction,original_longest_flat_intervals,prewarp_finite_rate,prewarp_variance,prewarp_difference_energy,prewarp_total_variation,prewarp_repeated_fraction,prewarp_large_jump_fraction,prewarp_longest_flat_intervals,historical_finite_rate,historical_variance,historical_difference_energy,historical_total_variation,historical_repeated_fraction,historical_large_jump_fraction,historical_longest_flat_intervals,monotone_finite_rate,monotone_variance,monotone_difference_energy,monotone_total_variation,monotone_repeated_fraction,monotone_large_jump_fraction,monotone_longest_flat_intervals,selection
SyntheticControl,0,A_train,0,60,0,0,0,0.4220711834770938,0,0,0.0166666666666666,0.0166666666666666,True,0.6712375566328622,0,0.0319881219076221,0.0102950389371401,0.0313037240507674,0.4779974049655835,0.659384209250555,0.4768082200124982,0.5103960710084924,1.0,1.0,2.252917315569253,72.43248930181402,0.0,0.0,0,1.0,1.0,2.252917315569253,72.43248930181402,0.0,0.0,0,1.0,0.5786643180858236,0.8614143063194472,42.836545042693615,0.0,0.0,0,1.0,0.6722654436470012,1.121098581797104,49.51439692080021,0.0,0.0,0,fixed-index representative
SyntheticControl,0,A_train,300,60,0,0,0,0.0778899717629215,0,0,0.0166666666666666,0.0166666666666666,True,0.900934278932766,0,0.0931157938678513,0.0046122247266673,0.0930754338571293,0.1270481324366545,1.2443820258389269,0.1106126518517927,0.8891673905228917,1.0,1.0000000000000002,2.1380645691671223,72.23206530033401,0.0,0.0,0,1.0,1.0,2.1013327042093257,70.82456677681687,0.0,0.0,0,1.0,0.7661909271246067,0.6743414503126967,39.83565935492516,0.0,0.0,0,1.0,0.6312121819013007,0.977664998130591,46.40316415950656,0.0,0.0,0,fixed-index representative
SyntheticControl,0,A_train,599,60,5,0,5,0.0,5,5,0.0166666666666666,0.1,True,0.7917983395464354,0,0.0771931504354786,0.0396355143163864,0.0586621424821217,0.7167155816420673,0.6084303818244633,0.693323925473979,0.7383564292379916,1.0,1.0,0.3882746516019212,26.82243965273094,0.0,0.0,0,1.0,1.0000000000000002,0.4886921715310636,28.599602761586947,0.0,0.0,0,1.0,0.9003590182808199,0.2431307005979079,17.888036787509918,0.0,0.0,0,1.0,0.9528429625932036,0.3050461864443041,22.616385012865067,0.0,0.0,0,fixed-index representative
SyntheticControl,4,A_init,403,60,27,7,20,-4.911460052078773,27,21,0.0166666666666666,0.35,True,0.4409900609587467,0,0.2244131735965106,0.040510487832903,0.2228865829507682,-0.4924192745446105,2.890946998339833,-0.3298784393986316,0.6292758529793658,1.0,1.0,0.4475396109715145,32.84375515351007,0.0,0.0,0,1.0,1.0,0.7596560571858386,37.07919863470558,0.0,0.0169491525423728,0,1.0,0.2362193959763297,0.0525206365043329,9.895095404237509,0.0,0.0,0,1.0,1.0097790934416409,0.3731059075990641,26.28575697913766,0.0,0.0,0,worst-case across all ten dataset snapshots
Beef,0,A_train,0,470,108,14,94,-0.0179348334138751,94,94,0.002127659574468,0.202127659574468,True,0.7970928221422469,0,0.0654407703501551,0.0090137016561459,0.0659478774693324,0.2848872330791123,1.02471351744176,0.2466447999419336,0.848916060137615,1.0,1.0000000000000002,0.0123525876065815,25.934672748947108,0.0021321961620469,0.0127931769722814,1,1.0,1.0000000000000002,0.0137522228645622,27.09651425357152,0.0021321961620469,0.0149253731343283,1,1.0,0.2689346620441925,0.0078892095363581,15.944297610782089,0.0,0.0063965884861407,0,1.0,1.049509434762155,0.011535051660926,26.412237655371428,0.0,0.0042643923240938,0,fixed-index representative
Beef,0,A_train,30,470,9,0,9,0.0,9,10,0.0212765957446808,0.002127659574468,True,0.7359662242343319,0,0.0620182564998876,0.0203558083534288,0.0726173241519314,0.4936741095345544,0.9352974953706124,0.533059503706563,0.9294667829268504,1.0,0.9999999999999998,0.0039758818745032,18.393796443504705,0.0021321961620469,0.0021321961620469,1,1.0,1.0,0.0131570503860203,20.6273958468214,0.0021321961620469,0.0063965884861407,1,1.0,0.7870962989434346,0.0090676834228957,19.701563086360693,0.0021321961620469,0.0063965884861407,1,1.0,1.041785018816556,0.0084403165422977,19.89087896421552,0.0,0.0042643923240938,0,fixed-index representative
Beef,0,A_train,59,470,112,112,0,-0.7590614522182477,97,0,0.002127659574468,0.002127659574468,True,0.7314750051860415,0,0.1158044204142697,0.0183783471271943,0.1097036514113029,0.1792296046263333,1.0023931586616872,0.2688172877042543,0.7515915018765864,1.0,1.0000000000000002,0.0018684760360853,11.652693843549011,0.0,0.0042643923240938,0,1.0,1.0000000000000002,0.0112866958580541,14.567643641159965,0.0,0.0085287846481876,0,1.0,0.0799082437195413,0.0376708890238011,10.656381856650114,0.0,0.0106609808102345,0,1.0,0.9955912651693328,0.0063153302056084,14.229115199297668,0.0,0.0085287846481876,0,fixed-index representative
Beef,1,A_init,25,470,157,104,53,-3.576141272918335,157,54,0.002127659574468,0.1170212765957446,True,0.4783445403596715,0,0.2233046740750479,0.0413658322002967,0.2188207690322663,0.1652864473143847,0.8111035971699494,-0.0439956997517082,0.3908570039854293,1.0,1.0000000000000002,0.0022153209764009,12.94163339567864,0.0,0.0021321961620469,0,1.0,1.0000000000000002,0.0022153209764009,12.94163339567864,0.0,0.0021321961620469,0,1.0,0.0223402648248071,0.006143216861131,4.799350872635841,0.0,0.0021321961620469,0,1.0,0.7980356932890058,0.0023285402116282,12.494989410042765,0.0,0.0042643923240938,0,worst-case across all ten dataset snapshots
ECG200,0,A_train,0,96,32,19,13,-0.3652711578143339,19,13,0.1458333333333333,0.0104166666666666,True,0.5396752018431776,0,0.1163294353214017,0.0381409175620493,0.1251111312182082,0.7427058303389942,0.5043614604756125,0.7059724595773356,0.958872903924708,1.0,1.0000000000000002,0.0464714908467092,14.082450094216016,0.0,0.0,0,1.0,1.0000000000000002,0.0462648094341429,13.995062679745011,0.0,0.0,0,1.0,0.7019529652800699,0.2004670499337259,9.279085993766785,0.0,0.0210526315789473,0,1.0,0.9960891888823226,0.0349298823189117,12.664098724722862,0.0,0.0,0,fixed-index representative
ECG200,0,A_train,100,96,48,15,33,-0.4933094535724294,34,34,0.0104166666666666,0.3645833333333333,True,0.7072617993911479,0,0.1610582387962187,0.0435651194104158,0.1356084451818102,-0.2619501473891975,2.348764770741972,-0.4167641613865509,0.5992002182391937,1.0,1.0,0.1728965468190889,24.38468869648604,0.0,0.0105263157894736,0,1.0,1.0,0.1739924822424736,24.653124659909054,0.0,0.0105263157894736,0,1.0,0.6744481148955703,0.0466096073170799,12.565024986863136,0.0,0.0,0,1.0,0.9072352597842742,0.1435132539395773,20.51149182021618,0.0,0.0,0,fixed-index representative
ECG200,0,A_train,199,96,5,0,5,0.0,4,5,0.0520833333333333,0.0208333333333333,True,0.7895979002983964,0,0.066643251032981,0.0305687418761789,0.0464036098566762,0.746935290634224,0.4616102482915325,0.6463721315512506,0.9349191225959094,1.0,1.0000000000000002,0.0673461551837541,17.689378230128483,0.0,0.0,0,1.0,1.0000000000000002,0.0673461551837541,17.689378230128483,0.0,0.0,0,1.0,0.7612495997910506,0.0454248524484124,12.483100112527609,0.0,0.0105263157894736,0,1.0,1.0035140769601334,0.0529803334041262,14.936533246189356,0.0,0.0,0,fixed-index representative
ECG200,0,A_train,179,96,39,34,5,-3.8505060911061264,28,6,0.0104166666666666,0.0729166666666666,True,0.5007426766912317,0,0.2036088924416058,0.0466732914833331,0.2027421813844137,-0.4369093889142181,2.874478148383418,-0.1125750215004314,0.5291373573759668,1.0,1.0,0.1670231027338013,22.55716637293573,0.0,0.0105263157894736,0,1.0,1.0,0.1721351853396442,23.130249956459608,0.0,0.0105263157894736,0,1.0,1.0006357763655835,0.067113324577143,12.264641046524048,0.0,0.0,0,1.0,0.9212995347179588,0.1121253422306063,19.176708513870835,0.0,0.0,0,worst-case across all ten dataset snapshots
OSULeaf,0,A_train,0,427,206,67,139,-1.0865971418405709,108,139,0.0749414519906323,0.2552693208430913,True,0.6908554845610979,0,0.1004928146169929,0.0260269439511407,0.1133652786157176,-0.0425841570501541,1.9027551632966215,0.0388204894243312,0.8500988209348619,1.0,1.0000000000000002,0.00477519982626,27.165608731157945,0.0,0.0,0,1.0,1.0,0.0204545176465478,30.44362217640268,0.0,0.0046948356807511,0,1.0,0.6532236589268633,0.0060752295214929,14.922463993541896,0.0,0.0070422535211267,0,1.0,1.1152308115516425,0.0178237367227414,29.22955711185932,0.0,0.0046948356807511,0,fixed-index representative
OSULeaf,0,A_train,221,427,129,1,128,-5.684341886080803e-14,129,129,0.0023419203747072,0.3021077283372365,True,0.7015612402810234,0,0.1090362002815606,0.0209320138506922,0.1142767511349774,-0.1884978854932381,2.476827393218722,-0.2646907647536136,0.7908459711115586,1.0,1.0,0.0072016118394,32.904543238423514,0.0,0.0,0,1.0,1.0,0.0214401914959275,36.858072828456,0.0,0.0070422535211267,0,1.0,0.9697253531077488,0.0130015255053747,24.534814552549506,0.0,0.0187793427230046,0,1.0,1.0701492665899586,0.0155201449818363,35.42066614702344,0.0,0.0093896713615023,0,fixed-index representative
OSULeaf,0,A_train,441,427,0,0,0,0.4280344589948299,0,0,0.0023419203747072,0.0023419203747072,True,0.7311400084428215,0,0.1526527040864957,0.060692848325084,0.0919598557614116,0.4119142776752367,1.2099989784208005,-0.1369468095372792,0.5212057779414696,1.0,1.0,0.0042194187548168,24.694958211945057,0.0,0.0,0,1.0,1.0,0.0042194187548168,24.694958211945057,0.0,0.0,0,1.0,0.9875376483503708,0.0052762182351463,24.165019378066063,0.0,0.0,0,1.0,0.9667887226106626,0.0043173241453386,24.20909844338894,0.0,0.0,0,fixed-index representative
OSULeaf,3,A_init,74,427,298,57,241,-4.658324423253305,125,242,0.1217798594847775,0.4496487119437939,True,0.5991014278413331,0,0.2389558790588903,0.0227407956279986,0.2283399765564658,0.0319453853990896,1.3557940207465315,-0.0376874749162098,0.8386524915378988,1.0,1.0,0.0111220819914394,41.21062325615563,0.0,0.0,0,1.0,1.0,0.0111254052537021,41.24023117801032,0.0,0.0,0,1.0,0.2716050570226169,0.0006913729850023,8.818802997469902,0.0,0.0,0,1.0,0.9168728176217834,0.0105981402144152,39.43067262880504,0.0,0.0,0,worst-case across all ten dataset snapshots
ShapesAll,0,A_train,0,512,0,0,0,0.2003092966381588,0,1,0.001953125,0.001953125,True,0.801007727254671,0,0.0461014604482528,0.0144353625133978,0.0528762371018759,0.4886477642287675,1.0007798811296669,0.5312969684895216,0.9429750742274275,1.0,1.0,0.001579757466957,19.064207063852983,0.0019569471624266,0.0,1,1.0,1.0,0.001579757466957,19.064207063852983,0.0019569471624266,0.0,1,1.0,0.9870419804943664,0.0018633339956933,19.02490258216858,0.0,0.0019569471624266,0,1.0,0.9653853855928334,0.0016006687814877,19.015530236065388,0.0,0.0,0,fixed-index representative
ShapesAll,0,A_train,600,512,0,0,0,0.2441753856033567,0,0,0.001953125,0.001953125,True,0.8630965689008585,0,0.049410026235816,0.0113103474679205,0.0528898433675777,0.4662183533338631,1.0667234802685843,0.5527953628643852,0.958550873268742,1.0,1.0,0.0016068399888136,19.235625168238187,0.0,0.0,0,1.0,1.0,0.0016068399888136,19.235625168238187,0.0,0.0,0,1.0,1.0210064064821736,0.0021636785859423,19.15947537124157,0.0,0.0,0,1.0,0.9748302174242448,0.0016359031960033,19.20030212402344,0.0,0.0,0,fixed-index representative
ShapesAll,0,A_train,1199,512,0,0,0,0.4783161541978273,0,0,0.001953125,0.001953125,True,0.8141576179703804,0,0.1025844626082549,0.0355155829963136,0.0689002133358157,0.4426551614024164,1.0790135622078716,0.2912656282923122,0.6985077968020783,1.0,1.0,0.0008391011457428,12.716474984204256,0.0058708414872798,0.0,1,1.0,1.0,0.014376339693209,15.45380006449516,0.0058708414872798,0.0019569471624266,1,1.0,0.941857867808908,0.0077117837951645,15.047236025333405,0.0,0.0039138943248532,0,1.0,0.9738514899999228,0.0087328341817572,15.08964541554451,0.0,0.0039138943248532,0,fixed-index representative
ShapesAll,0,A_train,945,512,269,43,226,-5.538451540524477,269,228,0.001953125,0.4453125,True,0.4647730400612886,0,0.2724419853424475,0.0400928453439928,0.2637011166977526,-0.422441517579333,2.7707297692772475,-0.6022187621019507,0.842416802289046,1.0,0.9999999999999998,0.0019108372203303,18.562533963696232,0.0,0.0,0,1.0,1.0,0.0019142910767013,18.583274317884865,0.0,0.0,0,1.0,0.9895540730399242,0.0090955724155671,10.154207646846771,0.0,0.0019569471624266,0,1.0,0.954546400331456,0.00184533524383,18.001418963074684,0.0,0.0,0,worst-case across all ten dataset snapshots
SemgHandMovementCh2,0,A_train,0,1500,142,0,142,0.0,142,142,0.0006666666666666,0.0953333333333333,True,0.8458965455821499,0,0.0396903098808963,0.0120019187040116,0.041687118447096,0.0637740543557689,1.3703485981254862,0.1491906174267537,0.2715493184145637,1.0,1.0,1.5188813746831658,1380.8109165919898,0.0,0.0013342228152101,0,1.0,1.0,1.5177432908873827,1381.1270882112167,0.0,0.0013342228152101,0,1.0,0.6964655288226775,0.5320213619904277,805.9739734223112,0.0,0.0,0,1.0,0.7573009345676479,0.768135861969603,954.5635461139028,0.0,0.0013342228152101,0,fixed-index representative
SemgHandMovementCh2,0,A_train,450,1500,240,240,0,-0.3772165985742504,240,0,0.0006666666666666,0.0006666666666666,True,0.7098439981537012,0,0.1429888666959282,0.0208106443468656,0.1471839497284726,-0.0187088278801551,1.7573540979090037,-0.0066923138472795,0.4011371329371319,1.0,1.0,1.188318576481744,940.21182288935,0.0,0.0020013342228152,0,1.0,1.0,1.1883510388640497,940.4026017553384,0.0,0.0020013342228152,0,1.0,0.9195683797625134,0.44479049638359,559.4598003150895,0.0,0.0020013342228152,0,1.0,0.7376279309304627,0.6777890603631572,624.9814201197587,0.0,0.0013342228152101,0,fixed-index representative
SemgHandMovementCh2,0,A_train,899,1500,364,259,105,-0.7166244980609235,259,105,0.0006666666666666,0.0706666666666666,True,0.6458335585901978,0,0.1000388163785122,0.0255657093479265,0.0911105957224035,0.196036062656247,1.5578347491676912,0.1457209340209507,0.2413500376312986,1.0,1.0,1.232061375323782,1170.9501596034202,0.0,0.0013342228152101,0,1.0,1.0,1.2333065697282153,1171.625563036038,0.0,0.0013342228152101,0,1.0,1.2024033208035858,0.3066381700920082,555.0413252394646,0.0,0.0,0,1.0,0.7108384936504684,0.6036807110002832,781.8950976841152,0.0,0.0020013342228152,0,fixed-index representative
SemgHandMovementCh2,3,A_init,552,1500,797,586,211,-5.401806406297737,508,212,0.0006666666666666,0.142,True,0.4111355840843771,0,0.2695994064520601,0.0737070730122715,0.2683226424051546,-0.0382272324614015,1.214909701476459,-0.0970095885111095,0.248335177754281,1.0,1.0,1.5052007809396983,1009.3017330401352,0.0,0.0033355570380253,0,1.0,1.0,1.5052007809396983,1009.3017330401352,0.0,0.0033355570380253,0,1.0,0.4430991738418887,0.0326950900646004,164.98970964178443,0.0,0.0,0,1.0,0.7021318924576799,0.647899516290227,674.9295022133738,0.0,0.0013342228152101,0,worst-case across all ten dataset snapshots
CinCECGTorso,0,A_train,0,1639,336,240,96,-0.3674096920775582,240,96,0.059182428309945,0.0006101281269066,True,0.7416967409785684,0,0.0898087078416739,0.0161296606492911,0.0889790047692967,-0.2092519925755028,2.3752887440616743,0.0127806738016416,0.2133578101860548,1.0,1.0000000000000004,0.0174912378547464,80.14108590226236,0.1752136752136752,0.0122100122100122,6,1.0,1.0000000000000002,0.019330892258755,82.65323478682434,0.1752136752136752,0.0134310134310134,6,1.0,0.6775280513686871,0.0254479154502426,64.92168368957937,0.0866910866910866,0.0122100122100122,7,1.0,1.2921058892025974,0.0140130917711219,78.45322472800035,0.0372405372405372,0.0097680097680097,4,fixed-index representative
CinCECGTorso,0,A_train,710,1639,72,0,72,0.0,72,72,0.0445393532641854,0.0006101281269066,True,0.7938731491576618,0,0.1168189720908825,0.0266315683037704,0.098749024526386,0.077766970691431,2.097747788880952,-0.0286451047974656,-0.0824170709405173,1.0,1.0000000000000002,0.0065273836142942,58.414034769957865,0.0,0.0109890109890109,0,1.0,1.0000000000000002,0.0065273836142942,58.414034769957865,0.0,0.0109890109890109,0,1.0,0.9549420737702552,0.0070473519562203,52.80685010284651,0.0,0.0122100122100122,0,1.0,1.2947557284859967,0.0049484993532696,56.31576044643589,0.0,0.0085470085470085,0,fixed-index representative
CinCECGTorso,0,A_train,1419,1639,0,0,0,0.1864147643335059,0,0,0.0006101281269066,0.0006101281269066,True,0.7392497981629731,0,0.0903407988217641,0.0282114480159808,0.1057986741251475,0.3110931890279952,0.879004132867004,-0.0037132001135825,0.0381125494163099,1.0,1.0,0.0019980151452368,23.93199744105648,0.0,0.0146520146520146,0,1.0,1.0000000000000002,0.0026097709519566,25.119680795847785,0.0,0.0158730158730158,0,1.0,0.366340601721423,0.0077524772527067,24.392435961402956,0.0,0.014041514041514,0,1.0,0.8623480964932182,0.0026900384909864,24.64287513867021,0.0,0.0164835164835164,0,fixed-index representative
CinCECGTorso,1,A_train,627,1639,679,624,55,-5.364204310403352,476,56,0.0006101281269066,0.0341671751067724,True,0.3530200692830476,0,0.2683624295920196,0.0541428664607548,0.277457361727863,0.1618640147968873,1.597191464683245,0.332635554063296,-0.0174865085262018,1.0,1.0000000000000002,0.0013763280491601,23.584572163726417,0.0,0.0158730158730158,0,1.0,1.0,0.0017020394119365,24.69466558503215,0.0,0.017094017094017,0,1.0,0.4512760224498328,0.0008954726007293,6.416479170322418,0.0,0.0006105006105006,0,1.0,1.3851493747272383,0.0010587840277032,24.00238944590092,0.0,0.0036630036630036,0,worst-case across all ten dataset snapshots
StarLightCurves,0,A_train,0,1024,0,0,0,0.4300314568892531,0,0,0.0009765625,0.0009765625,True,0.8328803435859982,0,0.0924769392348266,0.0305478614804254,0.0622658407377136,0.7391504819416539,0.5590762664546718,0.4496090542182818,0.7553227055298533,1.0,1.0,0.0001335628758205,9.547159453559416,0.002932551319648,0.0,1,1.0,1.0,0.0049573486399382,12.647972820838229,0.002932551319648,0.0019550342130987,1,1.0,0.944862475292012,0.0036248207770449,12.642837762832642,0.0,0.002932551319648,0,1.0,0.9997147915561928,0.003086254323676,12.643332123756409,0.0,0.0039100684261974,0,fixed-index representative
StarLightCurves,0,A_train,4618,1024,175,175,0,-0.3670370494758117,175,0,0.0009765625,0.0,True,0.7490028697739035,0,0.1172680968437707,0.0312643287213808,0.0897006453837322,0.8218717248672665,0.574359705879025,0.6890849509620045,0.8803491019670707,1.0,1.0,0.0002837125151857,14.079894690738977,0.0019550342130987,0.0,1,1.0,1.0,0.0002837125151857,14.079894690738977,0.0019550342130987,0.0,1,1.0,1.4317133821405637,0.0004359202105917,11.18502390384674,0.0,0.0078201368523949,0,1.0,1.0435412371135346,0.0002925265822891,14.076366756111383,0.0,0.0,0,fixed-index representative
StarLightCurves,0,A_train,9235,1024,126,0,126,0.0,126,126,0.0009765625,0.1240234375,True,0.7399892925406658,0,0.0757795997717827,0.0388177576166047,0.0848031852345464,0.7261419218226557,0.5314124340193622,0.8348735537459369,0.8843744619099232,1.0,1.0,0.0002389373582398,13.47290794500747,0.0009775171065493,0.0,1,1.0,1.0,0.0002389373582398,13.47290794500747,0.0009775171065493,0.0,1,1.0,0.8607996417879078,0.0007305097306518,12.675237208604813,0.0,0.0009775171065493,0,1.0,1.0271782950596655,0.0002504309257713,13.467920809984207,0.0,0.0,0,fixed-index representative
StarLightCurves,1,A_train,6844,1024,459,137,322,-6.3195199843153205,459,323,0.0009765625,0.31640625,True,0.4194102535814181,0,0.287929914572805,0.0417660327618699,0.2698442428755466,-0.266969858561859,2.804327690157439,-0.3528377537892284,0.9095495865402566,1.0,1.0,0.0003557523308633,14.45524661537796,0.0019550342130987,0.0,1,1.0,1.0,0.0016078937676336,15.927864492655312,0.0019550342130987,0.0019550342130987,1,1.0,1.1659259443500711,0.0047257796169037,10.62977147102356,0.0039100684261974,0.0068426197458455,4,1.0,0.9259190607948488,0.0010859403952,15.908079713582993,0.0,0.0039100684261974,0,worst-case across all ten dataset snapshots
