dataset,seed,W0_epoch,W1_epoch,W0_cost,W1_cost,W0_joint_seconds,W1_joint_seconds,W0_stop,W1_stop,W0_ARI,W1_ARI,delta_ARI,W0_NMI_arithmetic,W1_NMI_arithmetic,delta_NMI_arithmetic,W0_RI,W1_RI,delta_RI,W0_ACC,W1_ACC,delta_ACC,W0_collapse,W0_near_collapse,W0_any_epoch_collapse,W0_occupied_original,W0_occupied_augmented,W0_final_assignment_change_original,W0_final_assignment_change_augmented,W0_final_hard_entropy_original,W0_final_hard_entropy_augmented,W0_final_loss_total,W0_final_loss_reconstruction,W0_final_loss_kmeans,W0_final_loss_instance,W0_final_loss_cluster_contrast,W0_final_loss_entropy,W0_final_reconstruction,W1_collapse,W1_near_collapse,W1_any_epoch_collapse,W1_occupied_original,W1_occupied_augmented,W1_final_assignment_change_original,W1_final_assignment_change_augmented,W1_final_hard_entropy_original,W1_final_hard_entropy_augmented,W1_final_loss_total,W1_final_loss_reconstruction,W1_final_loss_kmeans,W1_final_loss_instance,W1_final_loss_cluster_contrast,W1_final_loss_entropy,W1_final_reconstruction,new_collapse,new_near_collapse
SyntheticControl,0,2,2,202.7028907,233.2416869,4.260557300000016,5.357237099999992,assignment-change,assignment-change,0.6210803820868749,0.6210803820868749,0.0,0.753950008236742,0.753950008236742,0.0,0.889226488592098,0.889226488592098,0.0,0.7883333333333333,0.7883333333333333,0.0,False,False,False,6,6,0.0,0.008333333333333333,1.7152906413242053,1.7804041526829726,13.04351282119751,0.014966148184612393,0.6684160381555557,11.17525053024292,4.7630650997161865,-3.578185260295868,0.014966148184612393,False,False,False,6,6,0.0,0.01,1.7152906413242053,1.705373020396629,13.022735834121704,0.013855812139809132,0.6684136092662811,11.168574571609497,4.746193528175354,-3.574301302433014,0.013855812139809132,False,False
SyntheticControl,1,2,4,204.3067303,222.2040973,4.250853199999995,8.985680200000019,assignment-change,assignment-change,0.5887500088532164,0.5853792830122796,-0.0033707258409367835,0.7308032066012575,0.7291849562649517,-0.0016182503363058043,0.8807846410684474,0.8795603784084586,-0.0012242626599888728,0.765,0.7616666666666667,-0.0033333333333332993,False,False,False,6,6,0.0,0.0033333333333333335,1.727312748584262,1.756169722847507,13.06950855255127,0.01447225664742291,0.6613695174455643,11.186695575714111,4.784265518188477,-3.5772939324378967,0.01447225664742291,False,False,False,6,6,0.0,0.01,1.724460754337087,1.7083058155646873,13.014498472213745,0.013983654323965311,0.6448241323232651,11.18040680885315,4.750142693519592,-3.5748586654663086,0.013983654323965311,False,False
SyntheticControl,2,4,4,208.16582479999997,226.58339640000003,8.671414999999996,9.133706799999999,assignment-change,assignment-change,0.4841220649512891,0.4834425183048406,-0.0006795466464485367,0.6414352398259258,0.6411208065243685,-0.0003144333015572265,0.8457095158597663,0.8453811908736784,-0.0003283249860879245,0.6133333333333333,0.6116666666666667,-0.0016666666666665941,False,False,False,6,6,0.0,0.006666666666666667,1.681509760572665,1.76287137109692,13.003097772598267,0.014595365151762962,0.6583836078643799,11.189220428466797,4.716887831687927,-3.575989246368408,0.014595365151762962,False,False,False,6,6,0.0,0.01,1.6805588458564547,1.721256515802145,12.986343622207642,0.013590849004685879,0.6484313309192657,11.176526546478271,4.721668720245361,-3.5738741159439087,0.013590849004685879,False,False
SyntheticControl,3,6,2,216.88995829999996,214.17320669999998,12.653120699999988,4.9556137999999805,assignment-change,assignment-change,0.6092492058996253,0.6132506450343919,0.004001439134766582,0.7899673602876855,0.7964238675279866,0.0064565072403010015,0.8674624373956594,0.8689983305509182,0.0015358931552588162,0.5616666666666666,0.5666666666666667,0.0050000000000000044,False,False,False,6,6,0.0,0.0016666666666666668,1.503070127955466,1.7691322759628292,13.0195791721344,0.0165521539747715,0.6435609757900238,11.173986673355103,4.7527806758880615,-3.567301630973816,0.0165521539747715,False,False,False,6,6,0.0,0.0033333333333333335,1.5061196604013687,1.742333770820466,12.9874427318573,0.013650268316268921,0.6503639966249466,11.159410238265991,4.72985315322876,-3.5658349990844727,0.013650268316268921,False,False
SyntheticControl,4,2,2,204.8873331,222.1853394,4.243016299999994,4.88486850000001,assignment-change,assignment-change,0.5714734657548055,0.5714734657548055,0.0,0.7450677198108467,0.7450677198108467,0.0,0.8678964941569283,0.8678964941569283,0.0,0.725,0.725,0.0,False,False,False,6,6,0.0,0.005,1.637649591172433,1.7779208367990402,13.038272142410278,0.014799350872635841,0.6614701449871063,11.184165239334106,4.751368761062622,-3.57353138923645,0.014799350872635841,False,False,False,6,6,0.0,0.011666666666666667,1.637649591172433,1.7289574090497883,12.979605197906494,0.013722588075324893,0.6541494131088257,11.17572283744812,4.706447958946228,-3.570437252521515,0.013722588075324893,False,False
Beef,0,2,2,202.12390090000002,212.48538159999995,4.098704900000001,4.310291399999983,assignment-change,assignment-change,0.10808394109592868,0.10808394109592868,0.0,0.2798730289468851,0.2798730289468851,0.0,0.6943502824858757,0.6943502824858757,0.0,0.38333333333333336,0.38333333333333336,0.0,False,False,False,5,5,0.0,0.0,1.4663806016454428,1.5168793446877342,11.665122985839844,0.06259739398956299,0.367651104927063,10.077709197998047,4.359620094299316,-3.2024550437927246,0.06259739398956299,False,False,False,5,5,0.0,0.0,1.4663806016454428,1.4799037910981607,11.567350387573242,0.07023297250270844,0.3201007843017578,10.036670684814453,4.340417861938477,-3.200072765350342,0.07023297250270844,False,False
Beef,1,3,3,203.9051297,212.2386466,6.056363500000003,6.435229899999996,assignment-change,assignment-change,0.13484809658039348,0.13484809658039348,0.0,0.3226994350634916,0.3226994350634916,0.0,0.7090395480225988,0.7090395480225988,0.0,0.4166666666666667,0.4166666666666667,0.0,False,False,False,5,5,0.0,0.0,1.4870637546072403,1.5669818445235875,11.653160095214844,0.06498462706804276,0.38683369755744934,10.02657413482666,4.38283634185791,-3.20806884765625,0.06498462706804276,False,False,False,5,5,0.0,0.05,1.4870637546072403,1.4937755924574698,11.631471633911133,0.07171401381492615,0.3378963768482208,10.049468994140625,4.37703800201416,-3.2046456336975098,0.07171401381492615,False,False
Beef,2,2,2,202.0246483,218.943217,4.1991787999999985,4.478459200000003,assignment-change,assignment-change,0.0868872853943767,0.0868872853943767,0.0,0.27906325747025584,0.27906325747025584,0.0,0.6485875706214689,0.6485875706214689,0.0,0.3333333333333333,0.3333333333333333,0.0,False,False,False,5,5,0.0,0.016666666666666666,1.26004090388412,1.5268154462595933,11.670644760131836,0.061518434435129166,0.40378010272979736,10.048919677734375,4.349698066711426,-3.1932716369628906,0.061518434435129166,False,False,False,5,5,0.0,0.016666666666666666,1.26004090388412,1.577337831613253,11.531612396240234,0.06828049570322037,0.3129948675632477,10.039518356323242,4.306497097015381,-3.1956787109375,0.06828049570322037,False,False
Beef,3,2,2,203.34473709999997,211.1425615,4.150122100000004,4.3054506,assignment-change,assignment-change,0.11979587853099467,0.11979587853099467,0.0,0.3033597145654665,0.3033597145654665,0.0,0.6977401129943502,0.6977401129943502,0.0,0.4,0.4,0.0,False,False,False,5,5,0.0,0.0,1.4580913729879175,1.5789293659683497,11.569483757019043,0.06567741930484772,0.34849199652671814,10.045613288879395,4.316318988800049,-3.206617832183838,0.06567741930484772,False,False,False,5,5,0.0,0.0,1.4580913729879175,1.5392381285526802,11.544736862182617,0.07579977065324783,0.3314483165740967,10.041302680969238,4.300676345825195,-3.2044904232025146,0.07579977065324783,False,False
Beef,4,2,2,208.98729610000004,211.93247789999998,4.205588800000015,4.265540799999997,assignment-change,assignment-change,0.0868872853943767,0.0868872853943767,0.0,0.27906325747025584,0.27906325747025584,0.0,0.6485875706214689,0.6485875706214689,0.0,0.3333333333333333,0.3333333333333333,0.0,False,False,False,5,5,0.0,0.016666666666666666,1.26004090388412,1.5901724420479675,11.664138793945312,0.06373748928308487,0.3947925567626953,10.014026641845703,4.387942790985107,-3.1963613033294678,0.06373748928308487,False,False,False,5,5,0.0,0.0,1.26004090388412,1.5410304789170428,11.600936889648438,0.06571608781814575,0.3408728241920471,10.027620315551758,4.360442161560059,-3.193714141845703,0.06571608781814575,False,False
ECG200,0,2,2,211.0106523,210.59754650000002,4.810575300000011,4.276389499999993,assignment-change,assignment-change,0.25262324195403185,0.25262324195403185,0.0,0.1549672342027824,0.1549672342027824,0.0,0.6333668341708543,0.6333668341708543,0.0,0.76,0.76,0.0,False,False,False,2,2,0.0,0.005,0.5976138445793562,0.6930971797265786,12.849685668945312,0.1075119823217392,0.5801233649253845,11.445415496826172,2.0808167457580566,-1.364181637763977,0.1075119823217392,False,False,False,2,2,0.0,0.0,0.5976138445793562,0.6881388137135884,12.814210891723633,0.0992540568113327,0.5622034668922424,11.437234878540039,2.078449010848999,-1.3629298210144043,0.0992540568113327,False,False
ECG200,1,2,2,209.10748180000002,211.87953780000004,4.2158416000000045,4.434631000000024,assignment-change,assignment-change,0.2287562976246862,0.2287562976246862,0.0,0.13609993082321403,0.13609993082321403,0.0,0.6231155778894473,0.6231155778894473,0.0,0.75,0.75,0.0,False,False,False,2,2,0.0,0.0,0.5782220581743532,0.6923469670899615,12.815441131591797,0.09531527757644653,0.5753729343414307,11.449075698852539,2.0601139068603516,-1.3644373416900635,0.09531527757644653,False,False,False,2,2,0.0,0.0,0.5782220581743532,0.6929471672244782,12.828718185424805,0.09714476019144058,0.5727171897888184,11.424661636352539,2.098240852355957,-1.3640459775924683,0.09714476019144058,False,False
ECG200,2,2,2,201.60290859999998,275.6281147,4.214747799999998,5.6799469000000045,assignment-change,assignment-change,0.23172619444287815,0.23172619444287815,0.0,0.13876468501408243,0.13876468501408243,0.0,0.6231155778894473,0.6231155778894473,0.0,0.75,0.75,0.0,False,False,False,2,2,0.0,0.0,0.5976138445793562,0.6890916952679865,12.818718910217285,0.10466161370277405,0.5729725360870361,11.43360424041748,2.0719175338745117,-1.3644373416900635,0.10466161370277405,False,False,False,2,2,0.0,0.0,0.5976138445793562,0.6926971130356336,12.807963371276855,0.10445582866668701,0.5524770021438599,11.427238464355469,2.0894031524658203,-1.365610957145691,0.10445582866668701,False,False
ECG200,3,2,2,201.8476485,255.25940139999997,4.268006899999989,5.835431799999981,assignment-change,assignment-change,0.12924905302972525,0.12924905302972525,0.0,0.06491763466778315,0.06491763466778315,0.0,0.5819597989949749,0.5819597989949749,0.0,0.705,0.705,0.0,False,False,False,2,2,0.0,0.0,0.4862229646617922,0.6859298002523728,12.900299072265625,0.09181909263134003,0.6061137914657593,11.449373245239258,2.0834155082702637,-1.3304224014282227,0.09181909263134003,False,False,False,2,2,0.0,0.0,0.4862229646617922,0.6923469670899615,12.919907569885254,0.09496719390153885,0.6268258094787598,11.444244384765625,2.086301326751709,-1.3324311971664429,0.09496719390153885,False,False
ECG200,4,2,2,203.03732790000007,231.68509419999998,4.399962000000016,5.005097300000017,assignment-change,assignment-change,0.23027710797703674,0.23027710797703674,0.0,0.13732848793645772,0.13732848793645772,0.0,0.6231155778894473,0.6231155778894473,0.0,0.75,0.75,0.0,False,False,False,2,2,0.0,0.0,0.5881687773541907,0.6929471672244782,12.797887802124023,0.09530170261859894,0.5543757677078247,11.443916320800781,2.0708110332489014,-1.3665164709091187,0.09530170261859894,False,False,False,2,2,0.0,0.005,0.5881687773541907,0.6913460990017393,12.796184539794922,0.09516222029924393,0.5472078323364258,11.457706451416016,2.060544967651367,-1.3644373416900635,0.09516222029924393,False,False
OSULeaf,0,2,6,208.6566126,232.90929789999998,4.517553800000002,14.466254100000015,assignment-change,assignment-change,0.1509754251413825,0.15248323288972512,0.00150780774834261,0.20462832786425855,0.2055358589171038,0.0009075310528452452,0.7569899754773705,0.7572464883389253,0.000256512861554814,0.38461538461538464,0.38461538461538464,0.0,False,False,False,6,6,0.0,0.006787330316742082,1.774616752010437,1.7823212694922885,13.162766774495443,0.052588959534962974,0.7248227993647257,11.194036801656088,4.772217273712158,-3.580899159113566,0.052588959534962974,False,False,False,6,6,0.0,0.0,1.7738018888126221,1.7837446741950895,13.106521606445312,0.04643138870596886,0.7099917133649191,11.173482894897461,4.757196426391602,-3.580580949783325,0.04643138870596886,False,False
OSULeaf,1,2,4,206.85984869999996,217.30243509999997,4.375372299999981,9.185742599999998,assignment-change,assignment-change,0.1748759227134702,0.17657125722321218,0.0016953345097419914,0.24050256463261252,0.24239117353871825,0.001888608906105732,0.754127291942418,0.7539631237110229,-0.00016416823139508985,0.42081447963800905,0.42081447963800905,0.0,False,False,False,6,6,0.0,0.0022624434389140274,1.71859924640402,1.7807765677760556,13.131891886393229,0.05368631333112717,0.7151473760604858,11.185480435689291,4.755686124165853,-3.578108310699463,0.05368631333112717,False,False,False,6,6,0.0,0.004524886877828055,1.714625698009389,1.7682935088581087,13.106907526652018,0.04491457094748815,0.7087853749593099,11.180697441101074,4.749582290649414,-3.5770721435546875,0.04491457094748815,False,False
OSULeaf,2,6,6,215.2505827,220.36796569999998,12.787224199999997,13.697823199999988,assignment-change,assignment-change,0.13955972452643994,0.13805619164483648,-0.0015035328816034588,0.2064371413521587,0.20510536525776443,-0.001331776094394277,0.7509362719446753,0.7501564728455484,-0.0007797990991268433,0.3393665158371041,0.33710407239819007,-0.002262443438914019,False,False,False,6,6,0.0,0.0,1.7590641274556449,1.766054641381716,13.134115854899088,0.05196204533179601,0.7270010113716125,11.181072870890299,4.753487269083659,-3.579407533009847,0.05196204533179601,False,False,False,6,6,0.0,0.0,1.7569986081736588,1.7830859915100006,13.09598159790039,0.044904238233963646,0.721557637055715,11.171441396077475,4.738942464192708,-3.580864111582438,0.044904238233963646,False,False
OSULeaf,3,6,6,213.21469169999997,223.2673379,12.43619049999998,13.581885900000003,assignment-change,assignment-change,0.16370881111453972,0.1615345811461187,-0.00217422996842101,0.236439752917189,0.22904383811746432,-0.007395914799724679,0.7575030012004802,0.7569284123905973,-0.0005745888098829255,0.39819004524886875,0.4004524886877828,0.0022624434389140746,False,False,False,6,6,0.0,0.0,1.7556231458884504,1.7642582781076226,13.116354942321777,0.05258054037888845,0.7139942248662313,11.181610743204752,4.748308976491292,-3.580139478047689,0.05258054037888845,False,False,False,6,6,0.0,0.0022624434389140274,1.7556259352935988,1.7633908289822429,13.112141927083334,0.045624258617560066,0.7017552057902018,11.185453414916992,4.758989334106445,-3.5796799659729004,0.045624258617560066,False,False
OSULeaf,4,2,2,204.6122124,234.8743209,4.231603799999988,5.312892000000005,assignment-change,assignment-change,0.1353957239433886,0.1353957239433886,0.0,0.19462658094418478,0.19462658094418478,0.0,0.7474784785709155,0.7474784785709155,0.0,0.38009049773755654,0.38009049773755654,0.0,False,False,False,6,6,0.0,0.00904977375565611,1.7491288249922219,1.7844679531179695,13.169452349344889,0.05480522041519483,0.7267244458198547,11.183594385782877,4.783830006917317,-3.5795015494028726,0.05480522041519483,False,False,False,6,6,0.0,0.006787330316742082,1.7491288249922219,1.7810156765483882,13.12215487162272,0.04587385430932045,0.7117199500401815,11.193336486816406,4.7503946622212725,-3.579169988632202,0.04587385430932045,False,False
ShapesAll,0,3,7,216.9829013,241.1135104,7.100258499999995,17.9820938,assignment-change,assignment-change,0.3900207609818542,0.3936584776607718,0.003637716678917602,0.7238055664817337,0.7251796058837021,0.001374039401968452,0.9772574367528496,0.9774673338893523,0.00020989713650265696,0.5158333333333334,0.52,0.004166666666666652,False,False,False,60,60,0.0,0.0175,3.9450490113732783,4.011754543530797,12.987999492221409,0.023441486681501072,0.37138612071673077,11.223518053690592,9.557834731207954,-8.188181029425728,0.023441486681501072,False,False,False,60,60,0.0008333333333333334,0.006666666666666667,3.9469758749843162,3.9839433044391392,12.932003762986925,0.01819099175433318,0.3377391431066725,11.206782023111979,9.557453473409018,-8.188161744011772,0.01819099175433318,False,False
ShapesAll,1,3,3,221.1145929,243.7669215,11.826119800000015,9.019718600000004,assignment-change,assignment-change,0.3720616497256011,0.37167472512904876,-0.00038692459655231826,0.7181395495125904,0.7178536962205775,-0.0002858532920129164,0.9752946900194607,0.9752946900194607,0.0,0.525,0.525,0.0,False,False,False,60,60,0.0008333333333333334,0.0275,3.8948175210586577,4.02341480792409,12.997994952731663,0.02364837398959531,0.3686700065930684,11.235525872972277,9.558275646633572,-8.188124868604872,0.02364837398959531,False,False,False,60,60,0.0008333333333333334,0.013333333333333334,3.8950284334458964,3.9682110875816745,12.947417471143934,0.01751764780945248,0.33664684494336444,11.223864767286512,9.557477951049805,-8.188089688618978,0.01751764780945248,False,False
ShapesAll,2,6,6,222.61732440000003,250.2146514,13.768542499999995,17.227580200000006,assignment-change,assignment-change,0.35611033408903214,0.35872253402450943,0.0026121999354772885,0.7102071171685982,0.7114982122316656,0.00129109506306746,0.9746775090353073,0.9748665554628857,0.00018904642757844314,0.49833333333333335,0.49833333333333335,0.0,False,False,False,60,60,0.0008333333333333334,0.004166666666666667,3.8892134308304906,4.015726241922086,12.971325662400988,0.024548298575811915,0.37021827697753906,11.206792089674208,9.557883474561903,-8.188116391499838,0.024548298575811915,False,False,False,60,60,0.0,0.005,3.8899076627249722,3.9721751228187188,12.922679689195421,0.018037104772196874,0.3346644639968872,11.200642267862955,9.557441711425781,-8.188105901082357,0.018037104772196874,False,False
ShapesAll,3,6,6,226.8572569,245.5475554,13.715393700000021,15.853357799999998,assignment-change,assignment-change,0.3748671301571988,0.3710090217454422,-0.0038581084117566,0.7201550998447654,0.7184419711881886,-0.0017131286565768011,0.9752460383653044,0.9749721990547678,-0.0002738393105365944,0.52,0.5183333333333333,-0.0016666666666667052,False,False,False,60,60,0.0008333333333333334,0.0025,3.892854402525776,4.0264992736846645,12.972738689846462,0.024445137629906338,0.37273777855767143,11.205683708190918,9.558029916551378,-8.188157823350695,0.024445137629906338,False,False,False,60,60,0.0,0.0033333333333333335,3.890519288146934,3.9690981077854524,12.926214324103462,0.01799395266506407,0.3439374830987718,11.195454173617893,9.5569363700019,-8.188107702467176,0.01799395266506407,False,False
ShapesAll,4,8,8,225.725046,248.2512672,18.40536979999999,21.937873600000017,assignment-change,assignment-change,0.3987023455140158,0.3967325776196241,-0.001969767894391683,0.722508728259148,0.721441068142686,-0.001067660116461977,0.978094245204337,0.9779802613288852,-0.00011398387545180633,0.5316666666666666,0.5316666666666666,0.0,False,False,False,60,60,0.0,0.0075,3.950210120800205,4.003624825505964,12.96760982937283,0.02395797914101018,0.37256309058931136,11.201228353712294,9.558035956488716,-8.188175519307455,0.02395797914101018,False,False,False,60,60,0.0008333333333333334,0.004166666666666667,3.9493006408113627,3.995565220122918,12.921951187981499,0.0180215189854304,0.3387619588110182,11.19567945268419,9.557641771104601,-8.188153584798178,0.0180215189854304,False,False
SemgHandMovementCh2,0,6,8,219.7841186,254.79477260000002,13.584844500000003,21.60737640000002,assignment-change,assignment-change,0.0893543327327615,0.08111904140220638,-0.008235291330555117,0.16889262347544773,0.16070545737986566,-0.008187166095582066,0.7310839204053887,0.7280385613644791,-0.0030453590409096343,0.32666666666666666,0.31555555555555553,-0.011111111111111127,False,False,False,6,6,0.0,0.0022222222222222222,1.704194234548875,1.78706293325138,13.685892241341728,0.5910314236368451,0.7596583706992013,11.153137070792061,4.758923598698208,-3.5768580777304515,0.5910314236368451,False,False,False,6,6,0.0,0.0011111111111111111,1.698274236877002,1.752621447776471,13.694149426051549,0.6143060156277248,0.7644854443413871,11.142079898289271,4.748899527958462,-3.5756216730390276,0.6143060156277248,False,False
SemgHandMovementCh2,1,12,6,234.3232146,247.73658569999998,27.090991299999985,15.523583399999978,assignment-change,assignment-change,0.10656271676454927,0.10857554724782956,0.002012830483280284,0.19600961745852025,0.20154455223035858,0.005534934771838335,0.7180249660116178,0.7190211345939933,0.0009961685823755007,0.3466666666666667,0.3466666666666667,0.0,False,False,False,6,6,0.0,0.0,1.5727100270459946,1.789637668514381,13.686832019260951,0.5966100181852069,0.7616264990397862,11.150932584490095,4.750982693263462,-3.5733199460165843,0.5966100181852069,False,False,False,6,6,0.0,0.0011111111111111111,1.573347963393188,1.7791481815974288,13.712752205984932,0.6230819055012294,0.7669368726866586,11.150591714041573,4.744637421199253,-3.572495869227818,0.6230819055012294,False,False
SemgHandMovementCh2,2,11,2,230.37989259999995,241.96121770000002,24.61004489999999,6.395527600000008,assignment-change,assignment-change,0.12477577569642505,0.12170655379769346,-0.003069221898731586,0.209668697072608,0.20520288565825165,-0.004465811414356341,0.7492745025336794,0.7476158694846126,-0.0016586330490668821,0.36,0.35777777777777775,-0.0022222222222222365,False,False,False,6,6,0.0,0.0,1.739304617017713,1.7833746580994874,13.68079035622733,0.5928325823375157,0.7625303523881095,11.15689332144601,4.7473835945129395,-3.5788494859422957,0.5928325823375157,False,False,False,6,6,0.0,0.01,1.7354113481889508,1.785401119958981,13.761875970023018,0.6130195685795375,0.7792030998638698,11.176727976117816,4.771585055759975,-3.578659704753331,0.6130195685795375,False,False
SemgHandMovementCh2,3,12,11,231.8708398,262.3335659,26.866697200000004,28.492713399999985,assignment-change,assignment-change,0.1132496732565451,0.12160037570304522,0.008350702446500116,0.1918736536821159,0.20173263016972007,0.00985897648760417,0.7442244469163268,0.7458188110245952,0.001594364108268409,0.3522222222222222,0.3622222222222222,0.010000000000000009,False,False,False,6,6,0.0,0.0,1.7303967595151826,1.766775200634331,13.675292015075684,0.5899057473455157,0.7630223802157811,11.14384160723005,4.756917612893241,-3.578395366668701,0.5899057473455157,False,False,False,6,6,0.0,0.0,1.7261230598660455,1.7617404595672905,13.690589087350029,0.6162368910653251,0.7683669328689575,11.135457856314522,4.7481143815176825,-3.577586923326765,0.6162368910653251,False,False
SemgHandMovementCh2,4,6,6,220.04172720000003,236.84168669999997,13.4350704,14.618054699999988,assignment-change,assignment-change,0.11366715719991834,0.11513003761975099,0.0014628804198326545,0.2062476679611458,0.20918613276104656,0.0029384647999007585,0.7375033988382153,0.7371177851934247,-0.00038561364479050564,0.36,0.3655555555555556,0.005555555555555591,False,False,False,6,6,0.0,0.0022222222222222222,1.6959263760539585,1.7650435046202213,13.68690299987793,0.5905476893697467,0.7660798685891288,11.143675667898995,4.762446062905448,-3.5758462974003384,0.5905476893697467,False,False,False,6,6,0.0,0.0011111111111111111,1.6914080313216142,1.7552928692854826,13.689407484872001,0.6143438390323094,0.7746771063123431,11.134461402893066,4.741424969264439,-3.575499943324498,0.6143438390323094,False,False
CinCECGTorso,0,2,2,218.82351740000001,235.34484149999997,4.875921800000015,5.388290699999999,assignment-change,assignment-change,0.14390822098950798,0.14390822098950798,0.0,0.26290085531654594,0.26290085531654594,0.0,0.6611916743590507,0.6611916743590507,0.0,0.4443661971830986,0.4443661971830986,0.0,False,False,False,4,4,0.0,0.0035211267605633804,1.2991126830900825,1.3763817825045064,13.113877123052424,0.06081852215257558,0.7952635992657054,11.183900486339223,3.8367879607460718,-2.762893546711315,0.06081852215257558,False,False,False,4,4,0.0,0.007042253521126761,1.2991126830900825,1.290354690850897,13.113578276200728,0.03896679492159323,0.843344433741136,11.140932343222879,3.8461333404887807,-2.755798578262329,0.03896679492159323,False,False
CinCECGTorso,1,2,2,219.5054985,235.6770093,4.800651700000003,5.31954540000001,assignment-change,assignment-change,0.18176593067479824,0.18090940241123935,-0.0008565282635588922,0.2876389857518516,0.286689246558829,-0.0009497391930226029,0.6847740424222573,0.6844147336449989,-0.0003593087772583159,0.4394366197183099,0.4394366197183099,0.0,False,False,False,4,4,0.0007042253521126761,0.0028169014084507044,1.3462234923661742,1.3502874067538368,13.097870826721191,0.058740295469760895,0.7984012202783064,11.177091251720082,3.8265387144955723,-2.762900720943104,0.058740295469760895,False,False,False,4,4,0.0,0.004929577464788733,1.3460516351577039,1.3285043939828705,13.112356446006082,0.03932843120260672,0.8415506157008085,11.148732618852096,3.8447019403631035,-2.7619574720209297,0.03932843120260672,False,False
CinCECGTorso,2,4,3,224.60210130000002,237.67504530000005,9.576793500000008,7.809085900000014,assignment-change,assignment-change,0.19992780964597584,0.19935370329041607,-0.000574106355559767,0.2984790869018595,0.3004330134122626,0.0019539265104031034,0.6987652482903056,0.6983364599152349,-0.0004287883750707655,0.4422535211267606,0.4387323943661972,-0.0035211267605633756,False,False,False,4,4,0.0007042253521126761,0.009859154929577466,1.3783268648066507,1.3812190294982842,13.07704344662753,0.05798866159536622,0.789176426150582,11.174012877724387,3.8248848698355933,-2.7690191702409224,0.05798866159536622,False,False,False,4,4,0.0,0.007042253521126761,1.3772490900107786,1.283155696013521,13.10156336697665,0.03915517946535891,0.8348958817395297,11.139173941178756,3.850019866769964,-2.761681643399325,0.03915517946535891,False,False
CinCECGTorso,3,6,2,228.17340149999998,236.5645318,14.309101999999996,5.568819300000001,assignment-change,assignment-change,0.13997210006349778,0.13728193065680278,-0.0026901694066950033,0.2539634535929401,0.25041677332125023,-0.0035466802716898616,0.660881993865944,0.659306792126969,-0.0015752017389750739,0.4415492957746479,0.44084507042253523,-0.0007042253521126751,False,False,False,4,4,0.0007042253521126761,0.0007042253521126761,1.3050913785485507,1.368616173506549,13.078821529041637,0.06008623777465387,0.7919240539724176,11.15119778026234,3.8382212682203813,-2.762607617811723,0.06008623777465387,False,False,False,4,4,0.0007042253521126761,0.007042253521126761,1.3029774353305856,1.3829118202635522,13.103314139626242,0.03900569508021528,0.8454530780965631,11.137101260098545,3.845070253718983,-2.7633160677823154,0.03900569508021528,False,False
CinCECGTorso,4,2,6,218.49855089999997,261.7701133,4.836771199999987,16.021887800000002,assignment-change,assignment-change,0.18763349723957942,0.1889161278601176,0.0012826306205381832,0.27044587587497787,0.27303985492743504,0.0025939790524571738,0.6922083593881825,0.692744344857021,0.0005359854688384846,0.4619718309859155,0.45985915492957746,-0.0021126760563380254,False,False,False,4,4,0.0,0.004929577464788733,1.367437609515969,1.3706162452960275,13.07984820279208,0.06109597296877341,0.7965641184286638,11.1693696975708,3.820522503419356,-2.7677041617306797,0.06109597296877341,False,False,False,4,4,0.0,0.0014084507042253522,1.3677947628328464,1.3314242551557345,13.062748908996582,0.04005210745063695,0.8293309807777405,11.13843839818781,3.8194259946996514,-2.76449855891141,0.04005210745063695,False,False
StarLightCurves,0,2,4,323.3043058,359.6211351,9.911274200000037,23.261630500000024,assignment-change,assignment-change,0.5091252383764447,0.5080244585492687,-0.001100779827176046,0.6015203849468783,0.6038343247354568,0.002313939788578523,0.7650143280114559,0.7645823656073325,-0.00043196240412335385,0.7518406236466003,0.7505413598960589,-0.0012992637505414573,False,False,False,3,3,0.00032481593763534,0.01104374187960156,1.0816382751836329,1.0884048817011274,12.669517517089844,0.014467902675581476,0.44152996730473304,11.281614356570774,3.123632606532839,-2.191727214389377,0.014467902675581476,False,False,False,3,3,0.00021654395842355997,0.008445214378518839,1.0836093228477515,1.0896715408510411,12.696601947148642,0.012951681118768951,0.4745233907467789,11.249151666959127,3.1520188748836517,-2.1920437150531344,0.012951681118768951,False,False
StarLightCurves,1,7,5,358.8531338,369.2853147,34.87928870000002,29.95420519999999,assignment-change,assignment-change,0.5012071964757636,0.5073215161106269,0.006114319634863308,0.6067388360539319,0.6044643159713097,-0.002274520082622189,0.7615877045238343,0.764292546080953,0.002704841557118698,0.7438284971849285,0.7498917280207882,0.00606323083585969,False,False,False,3,3,0.0,0.0018406236466002599,1.0890545372202658,1.097621723069356,12.573147734006247,0.018202947607884806,0.43626568300856483,11.213284227583143,3.0993098351690502,-2.193914979696274,0.018202947607884806,False,False,False,3,3,0.00021654395842355997,0.01158510177566046,1.084571119910066,1.0928282487944232,12.640788104799059,0.011230135802179575,0.4684808738529682,11.249842935138279,3.1041628387239246,-2.1929286585913763,0.011230135802179575,False,False
StarLightCurves,2,7,7,349.2474521,378.9560976,34.15163740000003,36.85840830000001,assignment-change,assignment-change,0.50410975243741,0.5067816910329507,0.0026719385955407127,0.6053881682299049,0.6033532511413686,-0.0020349170885363144,0.7628718676453312,0.7640066658491067,0.001134798203775489,0.7466435686444348,0.7492420961455175,0.0025985275010826925,False,False,False,3,3,0.0008661758336942399,0.0011909917713295798,1.0869465312044593,1.088400960214161,12.587708473205566,0.017193993294818535,0.4289863138563103,11.205517331759134,3.128683365053601,-2.192672547366884,0.017193993294818535,False,False,False,3,3,0.00010827197921177999,0.00129926375054136,1.084001226937692,1.074696096080158,12.612032479710049,0.01303452813428723,0.46195898205041885,11.235401829083761,3.0920708113246493,-2.190433724058999,0.01303452813428723,False,False
StarLightCurves,3,4,6,333.8117416,381.61298660000006,19.611204299999997,32.268125199999986,assignment-change,assignment-change,0.5099210523324104,0.5068948775789959,-0.00302617475341449,0.6029029378298537,0.6036484017548488,0.0007454639249950823,0.7653486052904257,0.7640430574271764,-0.0013055478632493234,0.7520571676050238,0.7491338241663058,-0.002923343438718029,False,False,False,3,3,0.00010827197921177999,0.018081420528367257,1.080667480171406,1.071452654106815,12.585862345165676,0.01722715687679334,0.42114822732077706,11.215277896987068,3.121659288803736,-2.189450263977051,0.01722715687679334,False,False,False,3,3,0.0005413598960589,0.0016240796881767,1.0836326075339529,1.0901093905717936,12.632128450605604,0.012207334460173216,0.4577879106832875,11.223972810639275,3.1300031310982175,-2.1918426288498774,0.012207334460173216,False,False
StarLightCurves,4,6,2,342.2250448,372.4264246,29.392273700000032,10.842860199999961,assignment-change,assignment-change,0.5020800811355205,0.5075881990428831,0.0055081179073626085,0.6071773326662233,0.6038873257178704,-0.003290006948352908,0.7619982352898418,0.7643894339679271,0.002391198678085349,0.7448029449978346,0.7501082719792118,0.005305326981377201,False,False,False,3,3,0.00021654395842355997,0.0010827197921178,1.0889184217143237,1.082321438000803,12.571264094776577,0.016938574379310012,0.4351898406942685,11.204498569170633,3.106564895974265,-2.1919277707735696,0.016938574379310012,False,False,False,3,3,0.00021654395842355997,0.018406236466002597,1.083936575293976,1.0801774323594753,12.724286516507467,0.012104010028350685,0.49330762980712783,11.288446876737806,3.1211971408791013,-2.1907691922452717,0.012104010028350685,False,False
