dataset,seed,snapshot,length,total_series,invalid_series,invalid_fraction,reversed_series,reversed_fraction,nonincreasing_intervals,interval_fraction,minimum_increment,most_negative_increment,longest_nonincreasing_region,duplicate_intervals,duplicate_interval_fraction,duplicated_series_fraction,clipped_coordinates,clipped_coordinate_fraction,clipped_series_fraction,lower_boundary_fraction,upper_boundary_fraction,all_endpoints_ordered,monotone_minimum_increment,monotone_invalid_series,historical_forward_speed_quantiles,monotone_forward_speed_quantiles,historical_operational_sampling_step_quantiles,monotone_inverse_sampling_speed_quantiles
SyntheticControl,0,A_train,60,600,427,0.7116666666666667,259,0.43166666666666664,5889,0.16635593220338982,-2.8625204996881735,-2.8625204996881735,33,3640,0.10282485875706214,0.5,3743,0.10397222222222222,0.5366666666666666,0.02763888888888889,0.10619444444444444,True,0.4747672557515088,0,"[-2.8625204996881735, -0.8961472754986771, -0.10714353899380384, 0.95309620988726, 2.536358134334122, 3.712012498320673, 8.40099065779279]","[0.4747672557515088, 0.6392972985397156, 0.7426354347492383, 0.9898623090750069, 1.295688210245029, 1.451659711346206, 1.7428619725681207]","[0.119033580768523, 0.19422017405786107, 0.28220962745348055, 0.6667379457957292, 1.8059894444454136, 11.748645628206836, 34.33808726905545]","[0.5737689018060861, 0.675759614569762, 0.7528588331665805, 0.9829099806503887, 1.3013248156790076, 1.4974388433831873, 2.0919981121477065]"
SyntheticControl,0,A_init,60,600,447,0.745,282,0.47,6101,0.1723446327683616,-3.362299216402981,-3.362299216402981,39,3624,0.1023728813559322,0.505,3742,0.10394444444444445,0.5566666666666666,0.02688888888888889,0.10655555555555556,True,0.4055932070406598,0,"[-3.362299216402981, -1.0042953070567757, -0.16263243166972818, 0.9459954058144877, 2.6052347984589694, 3.887404388731944, 11.30524020557241]","[0.4055932070406598, 0.6308588171098374, 0.7254297671908053, 0.9922255012900045, 1.3021443462992994, 1.461840969124727, 1.855938565832524]","[0.08845455574726202, 0.1807933765670242, 0.2658594142352449, 0.6601170065865342, 1.8122380795371305, 12.737149563416935, 39.476476104105345]","[0.5388109382550743, 0.6678024511738169, 0.7467142172037617, 0.9796903727027477, 1.3217234838380925, 1.515254729599504, 2.4320689173413186]"
SyntheticControl,1,A_train,60,600,442,0.7366666666666667,286,0.4766666666666667,5986,0.1690960451977401,-2.5244070335612214,-2.5244070335612214,37,3556,0.10045197740112995,0.4866666666666667,3658,0.10161111111111111,0.5266666666666666,0.029694444444444443,0.10194444444444445,True,0.5025101348212182,0,"[-2.5244070335612214, -0.890839175217573, -0.14105997905717674, 0.9476069224663419, 2.5329345774802956, 3.854248804737882, 9.995675876964107]","[0.5025101348212182, 0.6361798995600899, 0.7318440769590419, 0.9911281520266382, 1.299859088257103, 1.457430932939826, 1.7604725656443314]","[0.10004325993648422, 0.18475483969506712, 0.2687531530015299, 0.6579488642931821, 1.814912915973071, 12.456899479707744, 37.3984916753753]","[0.5680421679381613, 0.6637625309452868, 0.7463402165043295, 0.9807750562773272, 1.3159612427842506, 1.507774948783465, 1.9842556872298225]"
SyntheticControl,1,A_init,60,600,441,0.735,282,0.47,6099,0.17228813559322034,-4.527255686268489,-4.527255686268489,33,3583,0.10121468926553673,0.49333333333333335,3685,0.10236111111111111,0.5383333333333333,0.028527777777777777,0.10388888888888889,True,0.41893496084384907,0,"[-4.527255686268489, -0.9201615565798257, -0.17001621199829342, 0.9548285623429118, 2.5442804066110827, 3.83669057049195, 10.023133554141026]","[0.41893496084384907, 0.6362232123700566, 0.7306561408377208, 0.9893084556528606, 1.3069698267737881, 1.4839403868426129, 1.960650073952193]","[0.1110161227088966, 0.17694033003458287, 0.2744446584755611, 0.6520439876419699, 1.8194202536265198, 12.746807485194829, 38.53143529702969]","[0.5100349181556112, 0.6564274992607209, 0.7439546458040888, 0.9810905515316062, 1.320622201169709, 1.501693573408765, 2.358615537241903]"
SyntheticControl,2,A_train,60,600,434,0.7233333333333334,264,0.44,5738,0.162090395480226,-3.541669777621337,-3.541669777621337,35,3412,0.09638418079096045,0.485,3532,0.09811111111111111,0.54,0.027055555555555555,0.10058333333333333,True,0.4444946760964825,0,"[-3.541669777621337, -0.8941775602591738, -0.1297041408521572, 0.9580699052804267, 2.48931227872359, 3.785853677963222, 9.081824248423118]","[0.4444946760964825, 0.6378611527762497, 0.7392870045675048, 0.992697953552911, 1.28814732913535, 1.446153803977255, 1.954985849378744]","[0.1101100365572023, 0.18751404572631003, 0.27906050687863804, 0.6742041658668088, 1.793025317786226, 11.711827534270673, 35.761995153884484]","[0.5115126538219092, 0.6715893018966366, 0.7539442733330641, 0.9808006142528001, 1.3078222255346121, 1.506578575775154, 2.2400315082522084]"
SyntheticControl,2,A_init,60,600,423,0.705,264,0.44,5716,0.16146892655367232,-3.5045785506181026,-3.5045785506181026,35,3472,0.09807909604519774,0.49,3584,0.09955555555555555,0.545,0.02811111111111111,0.101,True,0.45581518537691323,0,"[-3.5045785506181026, -0.9045167831903795, -0.10632897727295365, 0.9442657576313613, 2.518315715561948, 3.846556053664014, 12.619679936096247]","[0.45581518537691323, 0.6390025511700074, 0.7332688428455119, 0.9882430206295929, 1.3041716426479257, 1.4843247914546902, 2.0451367414828425]","[0.07924131238381449, 0.17866287495499805, 0.2713760424386901, 0.6655941722530723, 1.8486090083750308, 11.977054781831876, 37.39624871299053]","[0.48896485976529647, 0.644742567627333, 0.7441401004916144, 0.9835926816597009, 1.3180282744999339, 1.5083847316826349, 2.161587146651513]"
SyntheticControl,3,A_train,60,600,443,0.7383333333333333,268,0.44666666666666666,5988,0.16915254237288135,-2.817447901869116,-2.817447901869116,44,3701,0.10454802259887006,0.5266666666666666,3827,0.10630555555555556,0.5816666666666667,0.02875,0.10705555555555556,True,0.4901644566684382,0,"[-2.817447901869116, -0.9699119123067343, -0.12445405031139989, 0.9525682743900445, 2.5252588348296623, 3.7546445410049154, 8.690331241023607]","[0.4901644566684382, 0.6407913337041864, 0.7367067800777356, 0.9893420095991878, 1.2998418103782587, 1.4501747061282655, 1.9151760012948227]","[0.11507041242333571, 0.18870899744874237, 0.28117249635825203, 0.6563162111850578, 1.812712871732072, 12.037834229708558, 44.25778500968382]","[0.5221452228536254, 0.6720563096513569, 0.7493733405977283, 0.9815549646164223, 1.307219463308491, 1.5000003010663583, 2.037090058477368]"
SyntheticControl,3,A_init,60,600,411,0.685,270,0.45,5531,0.15624293785310733,-2.8845724683223253,-2.8845724683223253,36,3155,0.08912429378531074,0.4583333333333333,3269,0.09080555555555556,0.5133333333333333,0.027055555555555555,0.09361111111111112,True,0.47958111807206905,0,"[-2.8845724683223253, -0.8759808499365292, -0.14278043323665573, 0.9481100618842753, 2.5152356190537524, 3.7404176440288825, 8.767908584388017]","[0.47958111807206905, 0.6449892804615138, 0.7371761938000476, 0.9887578888268109, 1.2964691342750105, 1.4507936335616942, 1.9967519838839536]","[0.11405228400539613, 0.18293345460268284, 0.276633423050569, 0.6716937062022019, 1.810518395340734, 11.74229138149906, 36.45938934167981]","[0.5008133248751605, 0.6612737547773487, 0.7513829779406116, 0.9830378030994069, 1.3103609002188659, 1.4972655640742938, 2.0777258033112176]"
SyntheticControl,4,A_train,60,600,424,0.7066666666666667,264,0.44,5659,0.1598587570621469,-2.925911376217787,-2.925911376217787,42,3346,0.09451977401129943,0.45666666666666667,3455,0.09597222222222222,0.5183333333333333,0.026472222222222223,0.099,True,0.49231126861500485,0,"[-2.925911376217787, -0.8649976863129286, -0.12430193997127006, 0.9411937380063748, 2.548881480060063, 3.802115028022097, 10.404546655438395]","[0.49231126861500485, 0.6538158774890664, 0.7453952898480456, 0.9868961371132015, 1.301186187932275, 1.4413266760868624, 1.8721234896061798]","[0.09611182813787167, 0.18338940990332936, 0.275497387371586, 0.6689622358464966, 1.8318724737149312, 11.85756251978046, 42.508742943677774]","[0.5342850077342227, 0.6775592120427739, 0.7489447026213583, 0.98484983167773, 1.30045020704229, 1.4752891308282707, 1.9721682188730867]"
SyntheticControl,4,A_init,60,600,401,0.6683333333333333,222,0.37,5463,0.1543220338983051,-4.911460052078773,-4.911460052078773,34,3510,0.09915254237288136,0.49166666666666664,3612,0.10033333333333333,0.53,0.026583333333333334,0.10366666666666667,True,0.4409900609587467,0,"[-4.911460052078773, -0.8671107023540949, -0.042098405867626094, 0.9523361331695654, 2.497006537349974, 3.70643853273647, 9.34029368550997]","[0.4409900609587467, 0.6375097394206218, 0.7388926033741285, 0.988541162437004, 1.300955953451276, 1.4710007839220753, 1.8827434521883575]","[0.10706301468350432, 0.18719109447253857, 0.2876731975737101, 0.6944974879640426, 1.8162539051749316, 10.65959785426431, 35.463963037404255]","[0.5311398102793419, 0.6629623042754585, 0.7458952939684721, 0.9837569354060474, 1.3055903684976826, 1.5032229437152902, 2.249066645556887]"
Beef,0,A_train,470,60,47,0.7833333333333333,24,0.4,5764,0.20483297796730632,-1.0857177676559786,-1.0857177676559786,336,4063,0.14438521677327648,0.5166666666666667,4072,0.14439716312056738,0.5666666666666667,0.011099290780141845,0.1371985815602837,True,0.48135083754965535,0,"[-1.0857177676559786, -0.7209475190235373, -0.10423827885660088, 0.9449013997203792, 2.6689469523398412, 3.6165904874375743, 6.2744699326870546]","[0.48135083754965535, 0.6833754370271737, 0.7564273776343192, 0.9977435763533151, 1.2667144539182786, 1.3569081083855168, 1.7090609833418782]","[0.15937601275135194, 0.19738559858149785, 0.28726542423682133, 0.6306505401492473, 1.6566985189637384, 3.087727926487674, 337.31469514195317]","[0.5851166282227167, 0.7239958244857092, 0.7731486372512208, 0.9774761860172063, 1.2929795403987185, 1.4205680197786787, 2.069528776947095]"
Beef,0,A_init,470,60,47,0.7833333333333333,26,0.43333333333333335,4898,0.17405828002842927,-3.0101171777998843,-3.0101171777998843,236,3049,0.10835110163468373,0.5666666666666667,3057,0.10840425531914893,0.6,0.017836879432624114,0.09443262411347518,True,0.5100925220314139,0,"[-3.0101171777998843, -0.8301682598392915, -0.17154373072970938, 0.9762265586508079, 2.3482395739025237, 3.6490684012680044, 10.279291288478134]","[0.5100925220314139, 0.6384201172561803, 0.7291262502168905, 0.9954080503578098, 1.2669373752800495, 1.3688484162455399, 1.8371200967973778]","[0.0972829713581973, 0.16871623610080633, 0.28402202160842477, 0.6666499800267616, 1.6306495983716671, 3.1414827842634176, 237.1330288719346]","[0.5443302273723134, 0.7262656602864375, 0.7739058687696705, 0.9826834013675523, 1.3129701090360355, 1.512224829230887, 1.960322042145549]"
Beef,1,A_train,470,60,42,0.7,19,0.31666666666666665,3959,0.14068941009239516,-1.5495131156811226,-1.5495131156811226,160,2808,0.0997867803837953,0.5333333333333333,2823,0.1001063829787234,0.6166666666666667,0.010638297872340425,0.09308510638297872,True,0.5602956496246634,0,"[-1.5495131156811226, -0.6785534204868887, 0.0, 0.9979508502293832, 2.2021487142055975, 3.396728450483513, 6.96982208865478]","[0.5602956496246634, 0.6455898377680751, 0.765709222046279, 0.9961168167426564, 1.2698134138496733, 1.3925253787358798, 1.8711621643373633]","[0.14347568521549192, 0.20404176747604197, 0.3136607597265744, 0.713138289571134, 1.6434347841797246, 3.253236812472963, 201.22506419672467]","[0.5344272233904235, 0.6920633935478628, 0.7714385507686721, 0.981408483627888, 1.2725658025555944, 1.4822067155654048, 1.7846771587815056]"
Beef,1,A_init,470,60,43,0.7166666666666667,31,0.5166666666666667,4999,0.17764747690120825,-3.576141272918335,-3.576141272918335,175,2997,0.10650319829424307,0.5333333333333333,3016,0.10695035460992908,0.6166666666666667,0.015815602836879432,0.094822695035461,True,0.47834454035967156,0,"[-3.576141272918335, -0.9326378588255807, -0.19102014364232786, 0.963050363804399, 2.540831186094076, 3.8124572549327653, 9.940110767419867]","[0.47834454035967156, 0.6607621242417006, 0.7361899092500451, 0.9869753058712831, 1.3049519022700926, 1.504582186546588, 1.710229617372761]","[0.13360205767537536, 0.19422859980661486, 0.2846106798266679, 0.6335720161504952, 1.6727846311560959, 3.3098694929761936, 219.512884947856]","[0.5847168063527306, 0.6432149564806742, 0.7313194286991405, 0.9833482169396097, 1.3129042611864037, 1.4815513776030957, 2.0904371525410284]"
Beef,2,A_train,470,60,46,0.7666666666666667,32,0.5333333333333333,4878,0.17334754797441365,-2.7568753450120767,-2.7568753450120767,205,2741,0.09740582800284293,0.48333333333333334,2755,0.09769503546099291,0.5333333333333333,0.012943262411347517,0.08843971631205674,True,0.5553042672842228,0,"[-2.7568753450120767, -1.3103373879978357, -0.1801830867757971, 0.9105291629964967, 2.654118155177734, 3.846619188949041, 7.788648891222181]","[0.5553042672842228, 0.6425125157289406, 0.7484013144905817, 0.983890347406259, 1.2989929896969188, 1.4415013157229675, 1.7480569326177715]","[0.12839197323773988, 0.17313340051690204, 0.27784216395319594, 0.63164868557962, 1.740567984297538, 3.1057636751301696, 215.3952549590886]","[0.5720637476620709, 0.678384985208417, 0.7497425321428292, 0.9866615497481561, 1.3026591138011767, 1.5039670410799164, 1.7862370872977018]"
Beef,2,A_init,470,60,42,0.7,22,0.36666666666666664,4849,0.17231698649609098,-1.3355729184564211,-1.3355729184564211,261,3264,0.11599147121535182,0.5166666666666667,3270,0.11595744680851064,0.5666666666666667,0.01102836879432624,0.10879432624113475,True,0.5246972884051502,0,"[-1.3355729184564211, -0.6450593296620639, -0.0609815967659486, 0.9537678118235959, 2.5104755016752263, 3.6921852094349794, 7.437695788673011]","[0.5246972884051502, 0.6382179085191416, 0.7316302682282043, 0.9930491992660926, 1.2853216348699406, 1.422349566951489, 1.6340336452059319]","[0.1344502421735001, 0.16466478252969352, 0.2766261056040662, 0.6440222219056011, 1.7785423017328843, 3.382652284039044, 261.4871388082155]","[0.6119825028902142, 0.6830615113199329, 0.7660227142753826, 0.9775296329726757, 1.2917187910908765, 1.510204517130211, 1.8951651345821574]"
Beef,3,A_train,470,60,43,0.7166666666666667,27,0.45,4714,0.16751954513148543,-2.022972998862258,-2.022972998862258,262,2933,0.10422885572139304,0.55,2939,0.10421985815602837,0.5833333333333334,0.023900709219858155,0.08421985815602837,True,0.5424323364177326,0,"[-2.022972998862258, -0.7991962158603838, -0.11356706683447156, 0.9642269057277417, 2.5647345010886986, 3.8506732778662505, 6.878814033512356]","[0.5424323364177326, 0.6278324488219599, 0.727691822917593, 0.9808530299214056, 1.3388406666478887, 1.5157861359242344, 2.0295763741008273]","[0.1453738965943785, 0.1986615511070795, 0.2672023351219622, 0.6685557290790882, 1.6946410228001278, 3.230430269513159, 262.3923696039071]","[0.49271365825933344, 0.6370676614296675, 0.7170267206953923, 0.9812090084398193, 1.335712274943431, 1.5223608086513447, 1.8280389064595965]"
Beef,3,A_init,470,60,49,0.8166666666666667,32,0.5333333333333333,4795,0.17039800995024876,-1.5974566757607676,-1.5974566757607676,194,2217,0.07878464818763327,0.43333333333333335,2223,0.07882978723404255,0.4666666666666667,0.00851063829787234,0.07421985815602837,True,0.47332006176191044,0,"[-1.5974566757607676, -0.9661938834993283, -0.27996676405201837, 0.9793399362211677, 2.466192621181435, 4.353660668417998, 7.788000981412836]","[0.47332006176191044, 0.6544602784541371, 0.7157365238426607, 0.9861539927195437, 1.3132853200938919, 1.455340888097083, 1.890457989958179]","[0.12840265459470857, 0.1660558433445658, 0.22560023041609156, 0.6443986723511372, 1.686892605650385, 3.492474522398594, 195.09043343238386]","[0.528972347077719, 0.6582947173481324, 0.7388268817757521, 0.9782638852373822, 1.3429916180545887, 1.4960601451543318, 2.1126354012101274]"
Beef,4,A_train,470,60,42,0.7,26,0.43333333333333335,4046,0.14378109452736318,-2.484188309121123,-2.484188309121123,197,2138,0.0759772565742715,0.5,2143,0.07599290780141844,0.55,0.015957446808510637,0.06397163120567376,True,0.5616885455938814,0,"[-2.484188309121123, -0.6725176431216705, -0.11098792745762721, 0.9451394786639895, 2.4098849917188487, 3.429142394732575, 8.260755620052578]","[0.5616885455938814, 0.6707386634158814, 0.7504442038029537, 0.9951609324381678, 1.2929472577862327, 1.4345997968022715, 1.6748842571699072]","[0.12105430132470474, 0.219697472318785, 0.3075275824093929, 0.6664714331005257, 1.7532503489060378, 3.157491629073458, 197.6752584984742]","[0.5970561820729756, 0.6885119692607504, 0.7564923436440949, 0.9807772829864518, 1.2974886207388674, 1.4628661381647021, 1.7801262632188468]"
Beef,4,A_init,470,60,41,0.6833333333333333,26,0.43333333333333335,4362,0.15501066098081023,-1.6551886917186494,-1.6551886917186494,213,2886,0.1025586353944563,0.4666666666666667,2897,0.10273049645390071,0.5333333333333333,0.011843971631205675,0.09468085106382979,True,0.5520667413305205,0,"[-1.6551886917186494, -0.47315322023766815, -0.022162814207749158, 0.9604698638412259, 2.460936630683824, 3.4287133672705803, 7.404611279474977]","[0.5520667413305205, 0.6845068734937386, 0.752644800082966, 0.9844418201419103, 1.2976420502364951, 1.4674401727019335, 1.8826142045909364]","[0.13505097867482618, 0.18985949401212565, 0.3026970962599279, 0.6894737062526488, 1.6413637809415504, 3.2859025593160625, 232.40415276321485]","[0.5311762747573994, 0.6638521883012997, 0.7514653213658378, 0.9922893951741685, 1.298357970866179, 1.430500914118848, 1.795156808265574]"
ECG200,0,A_train,96,200,145,0.725,86,0.43,3231,0.17005263157894737,-3.8505060911061264,-3.8505060911061264,59,1993,0.10489473684210526,0.48,2011,0.10473958333333333,0.495,0.0215625,0.103125,True,0.44589583490144236,0,"[-3.8505060911061264, -0.9089845866831681, -0.11781238495336263, 0.958345314569506, 2.5268693811806386, 3.8331781775496374, 10.645386678024622]","[0.44589583490144236, 0.6329435912103686, 0.7263442205605866, 0.9920485776824712, 1.3059976237440514, 1.4602194823599233, 1.747744968535919]","[0.12027361301336725, 0.1793190893068156, 0.269148958822815, 0.6683385764613856, 1.6956622711744533, 5.100630099206856, 60.26793753685882]","[0.5721658582932179, 0.6616386598360205, 0.7427631316597931, 0.9779489201746537, 1.3264964748822374, 1.5036473331900648, 2.2376013925718077]"
ECG200,0,A_init,96,200,143,0.715,83,0.415,3209,0.16889473684210526,-2.803745327032047,-2.803745327032047,55,2113,0.11121052631578947,0.525,2130,0.1109375,0.54,0.023125,0.1075,True,0.5131347021104906,0,"[-2.803745327032047, -0.7488502573255805, -0.056308133018683995, 0.940549141234122, 2.5885750370898943, 3.7282004733167744, 8.286665108194939]","[0.5131347021104906, 0.6324127066858337, 0.7336129876254744, 0.9919517119121259, 1.290659378398691, 1.453564163908676, 1.8647631559864664]","[0.12067580708806247, 0.2177545280456171, 0.28322357981151214, 0.6531936065447539, 1.8109079892111797, 6.684185757537369, 55.31908466445253]","[0.536296492717284, 0.6698670129549467, 0.7528031209528888, 0.9809785338008012, 1.3115420954221724, 1.5145463095843692, 1.9416172493687984]"
ECG200,1,A_train,96,200,154,0.77,98,0.49,3448,0.18147368421052631,-2.0764980917970206,-2.0764980917970206,52,2060,0.10842105263157895,0.48,2082,0.1084375,0.515,0.020885416666666667,0.1071875,True,0.5007654390176768,0,"[-2.0764980917970206, -0.9405028663177046, -0.15814108476336963, 0.9624508060416659, 2.5780670622226456, 3.9014335353371243, 8.098544019521015]","[0.5007654390176768, 0.6456285135761967, 0.7322022967881849, 0.9909368992374432, 1.3027681024430475, 1.4386479755986112, 1.8706003547955126]","[0.12347898555462677, 0.17749840420650287, 0.2658749568344113, 0.6399589645152481, 1.735736803821091, 8.189958962885537, 52.66020626188286]","[0.5345877313860108, 0.6787279133533527, 0.7470839822857762, 0.977165269467724, 1.3189136746101338, 1.4942795680141674, 1.9949393207175206]"
ECG200,1,A_init,96,200,146,0.73,87,0.435,2893,0.15226315789473685,-2.220996925903677,-2.220996925903677,43,1642,0.08642105263157895,0.5,1659,0.08640625,0.535,0.02078125,0.08536458333333333,True,0.5385603387459028,0,"[-2.220996925903677, -0.6751192916691189, -0.12247105920844521, 0.9533186727823058, 2.4296553540684154, 3.4459734222726, 6.845303854797024]","[0.5385603387459028, 0.6579666552646019, 0.7420088771919293, 0.9872095445720248, 1.3060437526043334, 1.471850895983732, 1.80630445198136]","[0.14608555313424176, 0.219020213151083, 0.3074021375986142, 0.677690789196685, 1.7426167427628798, 5.512065640772912, 44.28115506742162]","[0.5536165284335575, 0.6541278291543339, 0.7411242609670097, 0.9843855412592397, 1.3039748091094192, 1.4696972251890414, 1.854831624007609]"
ECG200,2,A_train,96,200,144,0.72,94,0.47,2980,0.1568421052631579,-2.8100371538686346,-2.8100371538686346,59,1635,0.08605263157894737,0.45,1658,0.08635416666666666,0.46,0.023020833333333334,0.08296875,True,0.49535695016912484,0,"[-2.8100371538686346, -1.0957588232863733, -0.180589544054915, 0.9433915498809498, 2.5865076762789623, 4.006850902536475, 8.662419768942371]","[0.49535695016912484, 0.6261026355722517, 0.7252087112827692, 0.9933985159735217, 1.3006881304225772, 1.4492333816937997, 1.6747821570871508]","[0.11544118464280473, 0.17452171529824695, 0.25999598621667985, 0.6640022010326394, 1.7518790050655098, 5.463814602565745, 59.443862616775476]","[0.5970925805295337, 0.6712748788182222, 0.7457825816882352, 0.9779088922979469, 1.3240221286753455, 1.5344548952600594, 2.0138755246205875]"
ECG200,2,A_init,96,200,151,0.755,84,0.42,3379,0.17784210526315788,-3.0732370207698594,-3.0732370207698594,46,2189,0.11521052631578947,0.53,2208,0.115,0.56,0.024166666666666666,0.11072916666666667,True,0.5289660634339386,0,"[-3.0732370207698594, -1.1060636274591544, -0.11570110350584081, 0.943681051074396, 2.5836694904690214, 3.8820088069436656, 9.773484176064756]","[0.5289660634339386, 0.6316986458047492, 0.7251280040794925, 0.992643482325402, 1.308224598083684, 1.4742657698908876, 1.8567159292285567]","[0.10231765683408867, 0.18270219484530514, 0.26934527844089473, 0.65402018592372, 1.7623210349352436, 6.305779625098238, 62.738258519765466]","[0.5385853507571738, 0.6487529811386701, 0.7420140532006056, 0.9786328439944398, 1.3227786120650276, 1.5285946099438006, 1.8870433833130829]"
ECG200,3,A_train,96,200,143,0.715,80,0.4,2783,0.1464736842105263,-2.198552440920274,-2.198552440920274,56,1621,0.0853157894736842,0.44,1638,0.0853125,0.475,0.019895833333333335,0.08520833333333333,True,0.5322069423631888,0,"[-2.198552440920274, -0.8576293743914082, -0.08272133906656691, 0.9416185916375, 2.481493266221191, 3.7391278758133657, 7.429592495879433]","[0.5322069423631888, 0.6483124494881584, 0.7428394118406711, 0.9890933019572676, 1.3044516365041225, 1.483374182917638, 1.8261739689674528]","[0.13459688408947557, 0.18351454478503385, 0.2843567176708035, 0.6745623147422157, 1.8173041046614213, 5.264976128401619, 57.062505224074386]","[0.547592954994002, 0.6534145302086729, 0.7451866757174883, 0.9838355780956928, 1.305293673523927, 1.4852740491007907, 1.854425666211739]"
ECG200,3,A_init,96,200,134,0.67,78,0.39,3010,0.15842105263157893,-2.4403950688050458,-2.4403950688050458,54,1812,0.09536842105263157,0.46,1829,0.09526041666666667,0.48,0.020729166666666667,0.09453125,True,0.5378207383389491,0,"[-2.4403950688050458, -0.8802169058081922, -0.1179645856284047, 0.9555887661454268, 2.5554251119082654, 3.80022965125893, 7.8218761462491955]","[0.5378207383389491, 0.652421907740957, 0.7444300673416736, 0.9921344327468127, 1.2903777773267673, 1.425223881953133, 1.6949595565087243]","[0.12784656536392447, 0.1756631259005782, 0.27090270376132963, 0.6936375876954557, 1.751146319780969, 5.856760563906719, 69.29571983359872]","[0.5899845787823981, 0.692610454314693, 0.753594097509592, 0.9831278155262559, 1.2987365645341777, 1.48603725355573, 1.8496262392173097]"
ECG200,4,A_train,96,200,144,0.72,77,0.385,3014,0.15863157894736843,-2.8004669867378666,-2.8004669867378666,48,1907,0.10036842105263158,0.505,1933,0.10067708333333333,0.525,0.019791666666666666,0.10015625,True,0.4684958991787056,0,"[-2.8004669867378666, -0.8813294087487203, -0.08755219558323066, 0.9416106389697254, 2.5199781664699525, 3.662515137795671, 10.248880138779981]","[0.4684958991787056, 0.6568688959954013, 0.7438062501327007, 0.9885532868406379, 1.2923060556682917, 1.4776371364595258, 1.8569808700906343]","[0.09757163577472738, 0.17402222878364754, 0.2868494861549067, 0.6674335455929103, 1.7772282836945519, 5.3988045725044795, 51.388415926395446]","[0.5385085092186177, 0.6580498274770561, 0.7536108434267902, 0.9845196535894507, 1.3045885969497417, 1.4625647568978282, 2.1220606065801775]"
ECG200,4,A_init,96,200,149,0.745,85,0.425,3185,0.1676315789473684,-2.582483552024641,-2.582483552024641,60,2043,0.10752631578947368,0.495,2067,0.10765625,0.525,0.01953125,0.10760416666666667,True,0.419254080384988,0,"[-2.582483552024641, -0.8597129674878436, -0.08029392906916967, 0.9520103481245399, 2.489943133855093, 3.7353991162268825, 11.826547562572962]","[0.419254080384988, 0.6559572309923345, 0.7449922904508455, 0.9915761694166534, 1.2889390622909407, 1.4188219655293512, 2.0452310319263844]","[0.08455553023476292, 0.16545379657309492, 0.27486889718227375, 0.65841567377114, 1.8015653148556379, 5.73779944077424, 60.46994971656942]","[0.4889423172198377, 0.6707775112256908, 0.7570924427551415, 0.9805436386860187, 1.3069771894985986, 1.4716759495083973, 2.29361644271151]"
OSULeaf,0,A_train,427,442,324,0.7330316742081447,199,0.4502262443438914,31501,0.16729866377753702,-2.8056212152379203,-2.8056212152379203,270,19967,0.10604274212393516,0.5316742081447964,20045,0.10620767853169011,0.5859728506787331,0.016594784193627008,0.0938516642470355,True,0.5039010060444298,0,"[-2.8056212152379203, -0.8469707388157778, -0.0923311592836384, 0.9492627102700766, 2.5440212565017224, 3.7581247649885197, 8.649321158086764]","[0.5039010060444298, 0.6359495192306918, 0.7344506953644512, 0.9901366444123596, 1.3031632046181338, 1.4591131955905257, 1.8827489353701348]","[0.11561600982577147, 0.2004943456472438, 0.2779622699929689, 0.6623700303027533, 1.7057915562862147, 3.22873183881782, 270.28424726761057]","[0.5311382634261893, 0.668151975580401, 0.744184856953197, 0.9818165796652574, 1.313512649630175, 1.5092482488593397, 1.9843192421237745]"
OSULeaf,0,A_init,427,442,332,0.751131221719457,188,0.4253393665158371,32265,0.1713561914473265,-2.815443972321532,-2.815443972321532,250,21370,0.11349393495209568,0.5248868778280543,21444,0.11362022741000562,0.5678733031674208,0.015418525543887163,0.102419277925546,True,0.5000596139764752,0,"[-2.815443972321532, -0.9231568446365666, -0.05794160426196043, 0.9519535479606986, 2.5599465848312133, 3.6705929920028053, 10.706706006797106]","[0.5000596139764752, 0.6296855053062204, 0.7302858792480513, 0.9901461650236101, 1.303558343228613, 1.4693370581294518, 1.9106517947951716]","[0.0933994077510647, 0.1883808914430813, 0.28621697815814007, 0.6555207229335558, 1.6890739255525031, 3.332589013420345, 250.53240606853115]","[0.52338160345289, 0.6624966671757639, 0.7447923572973558, 0.9795401040846627, 1.3214317330687237, 1.519464436144017, 1.9994461133111372]"
OSULeaf,1,A_train,427,442,314,0.7104072398190046,195,0.4411764705882353,28651,0.15216259851719668,-2.5097922200912137,-2.5097922200912137,215,16505,0.08765640600769019,0.48868778280542985,16556,0.08772134326618415,0.5158371040723982,0.013383915987580404,0.07873515105916264,True,0.4940975029229723,0,"[-2.5097922200912137, -0.8326589310709926, -0.11945584026924079, 0.9423230173364949, 2.4695247058962133, 3.6350182092601675, 9.079429351564158]","[0.4940975029229723, 0.6457687719102456, 0.7366835040923576, 0.9855762390905305, 1.3045189971158435, 1.464238733974178, 2.0102492021740312]","[0.11013908047289078, 0.19386391711668297, 0.2881443041646861, 0.6669426360554418, 1.73436136894382, 3.295314501159323, 216.05223119635087]","[0.49745076327777, 0.6619408020616295, 0.7437576198205509, 0.9835847481758222, 1.3072032657918518, 1.498118078422214, 2.016998141987093]"
OSULeaf,1,A_init,427,442,317,0.7171945701357466,186,0.42081447963800905,30509,0.1620302508869203,-3.180713123487749,-3.180713123487749,290,18397,0.09770462898051961,0.4796380090497738,18454,0.09777782487522121,0.5067873303167421,0.012345417359882161,0.08976125128487712,True,0.4444033515797514,0,"[-3.180713123487749, -0.9299197782961618, -0.13006920344978634, 0.9499694539276762, 2.5294256346497024, 3.847877710230858, 9.472155490703756]","[0.4444033515797514, 0.637644260621565, 0.7376089456036741, 0.9877850487591218, 1.2964786768165217, 1.4536882239953808, 2.178985354191113]","[0.10557259126301233, 0.17570843466914507, 0.2687896779520969, 0.6703959345212667, 1.6970820737884589, 3.2459108875225007, 291.2308467961536]","[0.45892919751689476, 0.6686641733062629, 0.7478885030411, 0.9842664092381881, 1.309517710311476, 1.4932443496770516, 2.250019156515407]"
OSULeaf,2,A_train,427,442,308,0.6968325791855203,198,0.4479638009049774,30437,0.1616478660803433,-2.3825742520551216,-2.3825742520551216,257,17809,0.09458181972680729,0.4479638009049774,17863,0.09464643360496784,0.47285067873303166,0.015026439327307215,0.08401241959583329,True,0.4663692656377201,0,"[-2.3825742520551216, -0.9222483152981096, -0.14820253591310922, 0.9367917814633557, 2.5615191767109238, 3.94039811290739, 9.634835117563284]","[0.4663692656377201, 0.645319294700453, 0.7351373362863228, 0.9886720624168817, 1.3019623374111051, 1.4920645657289036, 2.0981139400452093]","[0.10379004807015235, 0.17040583284479738, 0.26095436179898, 0.6654152753086464, 1.7130406699239389, 3.2682418059946, 258.1542981654335]","[0.47661853863780834, 0.6458663529754898, 0.7436984785182567, 0.9815437707305881, 1.317247850612709, 1.5024478509574684, 2.1436859678300735]"
OSULeaf,2,A_init,427,442,332,0.751131221719457,183,0.41402714932126694,31991,0.16990100482229728,-3.2220868822634543,-3.2220868822634543,303,20071,0.1065950757334353,0.5407239819004525,20118,0.10659446628588384,0.5588235294117647,0.015667553276039293,0.09529814447847235,True,0.49276524770525043,0,"[-3.2220868822634543, -0.8304485094049886, -0.10525445575940039, 0.9499262154681958, 2.555110158127734, 3.7887620625656475, 10.26213890615827]","[0.49276524770525043, 0.628026537706126, 0.7333459313545532, 0.9883310524738107, 1.3072618557648172, 1.4716212169617993, 1.896445187536301]","[0.09744557242345309, 0.19255952085158926, 0.2766605502701651, 0.6600415072736023, 1.7036819297536494, 3.2304309548673587, 303.5523552568131]","[0.5273023478728192, 0.6597751351580462, 0.7417615006103238, 0.9817718199379115, 1.3171440088555018, 1.5089189347506755, 2.0291229483361235]"
OSULeaf,3,A_train,427,442,322,0.7285067873303167,177,0.4004524886877828,30947,0.16435642512693052,-2.5142226558142795,-2.5142226558142795,265,20079,0.10663756293416608,0.5135746606334841,20127,0.10664215244735978,0.5384615384615384,0.016218593364205707,0.0948371782508716,True,0.4761904292746788,0,"[-2.5142226558142795, -0.8371567316093634, -0.06682395141412904, 0.9539244088454382, 2.486359760313631, 3.7498189582552963, 8.676156210301315]","[0.4761904292746788, 0.6400676072729181, 0.7401380880166262, 0.9890032648739009, 1.2970611149607558, 1.4419423419263142, 1.8492548473022339]","[0.11525841349106258, 0.18673276187160923, 0.2774947471960445, 0.6794093387517322, 1.6866911280500594, 3.092034396857918, 265.7399671720291]","[0.5407583500234523, 0.6782966456795505, 0.7515211462739675, 0.9824465371665951, 1.3052535486572365, 1.5045626625475594, 2.0998271230030774]"
OSULeaf,3,A_init,427,442,331,0.748868778280543,207,0.4683257918552036,33155,0.17608289252862575,-4.658324423253305,-4.658324423253305,239,20165,0.10709430034202197,0.5158371040723982,20226,0.10716670022359512,0.5316742081447964,0.016292771837612723,0.09522396600506533,True,0.5061440040275329,0,"[-4.658324423253305, -0.9050545118091002, -0.1617847199340218, 0.9476591988108218, 2.570958539926479, 3.8614489397019223, 11.075508270342198]","[0.5061440040275329, 0.6364654016227439, 0.7332601902115912, 0.9900238755463135, 1.2985227055813569, 1.4557290534084062, 1.7388478528465936]","[0.09028931003354046, 0.179112171031324, 0.2696187663173305, 0.6488243441732777, 1.69030377445006, 3.142025246863119, 295.23499855265476]","[0.5750934438357805, 0.6713813392050133, 0.7480665580437791, 0.9797900444452381, 1.3175642916169434, 1.5193163084616998, 1.975488819255247]"
OSULeaf,4,A_train,427,442,328,0.7420814479638009,195,0.4411764705882353,30636,0.16270473519852144,-2.7314122903139832,-2.7314122903139832,265,18948,0.10063093493085208,0.5158371040723982,19007,0.10070787457479839,0.5339366515837104,0.014104506872105715,0.09093221147223075,True,0.4842536390411283,0,"[-2.7314122903139832, -0.8446372017672007, -0.0960206282335185, 0.9589053251527702, 2.43131376203586, 3.6761591503032798, 9.574201149344276]","[0.4842536390411283, 0.6575251097916177, 0.7413928638025965, 0.9892764554189952, 1.2885794366381924, 1.4471453647979713, 1.9127656032385971]","[0.10444735643227432, 0.1890474904833468, 0.28932162880911394, 0.6678007577944101, 1.6771135558932866, 3.1445798965503116, 285.5649700452852]","[0.5228032113850531, 0.6647873575081137, 0.7558812348755467, 0.9833646323180147, 1.308476854561121, 1.4774307595919274, 2.0648504128612046]"
OSULeaf,4,A_init,427,442,321,0.7262443438914027,200,0.45248868778280543,33570,0.17828691606653496,-2.7914657478811478,-2.7914657478811478,329,20290,0.1077581628534404,0.5090497737556561,20356,0.10785550033380313,0.5384615384615384,0.01656829188169593,0.09562135068403149,True,0.4432861574675826,0,"[-2.7914657478811478, -1.0447511412716242, -0.18318187934672983, 0.9413012920899462, 2.6291317733035138, 3.830621239161738, 9.80958462209884]","[0.4432861574675826, 0.6396160606474378, 0.734840549511189, 0.9874918751583976, 1.3060820187746327, 1.4789932223105815, 1.9875292311788968]","[0.1019411156051433, 0.1832877222610918, 0.2736547362004302, 0.6492962842999219, 1.6677170569489466, 3.1566654243741823, 329.17884174427314]","[0.5031372541911452, 0.6553111535767906, 0.742425559537871, 0.9829701675689757, 1.3185610371906986, 1.5122415495214117, 2.204689946972678]"
ShapesAll,0,A_train,512,1200,885,0.7375,554,0.46166666666666667,102892,0.16779517286366602,-5.538451540524477,-5.538451540524477,313,63106,0.1029125896934116,0.5,63354,0.103115234375,0.5633333333333334,0.013854166666666667,0.09266927083333333,True,0.4647730400612886,0,"[-5.538451540524477, -0.9317214548307302, -0.1249449627782624, 0.9505647920516367, 2.5162026198999916, 3.790997404586837, 12.35967818333279]","[0.4647730400612886, 0.643104355568481, 0.7352267151320866, 0.9912147227694845, 1.2978734411138724, 1.4451277414274786, 2.0036906091121836]","[0.08090825547128588, 0.17903547976214895, 0.2763494115598689, 0.6558947573682414, 1.7032624995542185, 3.193100101362762, 356.7278813825287]","[0.4990790471604285, 0.6732767882441266, 0.750541022511689, 0.979267431864713, 1.3150536457255055, 1.4952966699809247, 2.15135391357677]"
ShapesAll,0,A_init,512,1200,865,0.7208333333333333,516,0.43,102169,0.16661611219830397,-3.925940268147315,-3.925940268147315,380,62354,0.10168623613829093,0.5083333333333333,62607,0.1018994140625,0.5708333333333333,0.014305013020833333,0.09098958333333333,True,0.4473018573003742,0,"[-3.925940268147315, -0.9683115192261025, -0.13204478816262932, 0.9498045950349265, 2.552038591172347, 3.9036112277388684, 11.489526024221334]","[0.4473018573003742, 0.6328942292091143, 0.7319054600818206, 0.9881556399903992, 1.3048494933231558, 1.4776082373313737, 2.0396135312469474]","[0.09196032154875411, 0.18049064878311982, 0.2676365760692647, 0.6671632805986007, 1.6900969184418806, 3.1910539876423947, 380.2914978265047]","[0.49028896145272943, 0.6566233058985795, 0.7435913445865395, 0.9828479502843095, 1.31649689857911, 1.5111771867790473, 2.2354261254016023]"
ShapesAll,1,A_train,512,1200,880,0.7333333333333333,555,0.4625,103951,0.1695221787345075,-4.368610588122408,-4.368610588122408,333,64213,0.10471787345075016,0.5083333333333333,64479,0.1049462890625,0.5658333333333333,0.0161181640625,0.09219889322916666,True,0.4285448141722057,0,"[-4.368610588122408, -0.9340796404857405, -0.12083802031305023, 0.9495779508314541, 2.5350465819145365, 3.7747711644285036, 11.368652855645905]","[0.4285448141722057, 0.6392799236072048, 0.7335033455284766, 0.9895946532685045, 1.3026159456268398, 1.465797240545783, 2.1357760309658147]","[0.08796116942767185, 0.17995773381885669, 0.2758982417394236, 0.6594137875008386, 1.690166022303136, 3.1830583553702834, 333.2658706236426]","[0.4682138883016478, 0.6615101457250188, 0.746607485146933, 0.9814817425303382, 1.317398621885689, 1.5043203200803985, 2.333305052103867]"
ShapesAll,1,A_init,512,1200,877,0.7308333333333333,556,0.4633333333333333,101612,0.16570776255707761,-4.623623609070762,-4.623623609070762,378,61486,0.10027071102413568,0.4891666666666667,61734,0.100478515625,0.5558333333333333,0.015880533854166667,0.08799967447916666,True,0.4554423521593094,0,"[-4.623623609070762, -0.8871644723922657, -0.12382520554826895, 0.9541656388598625, 2.531259464255879, 3.7606594540797285, 11.07666649059962]","[0.4554423521593094, 0.6359508149183757, 0.7325682962365068, 0.988197258090949, 1.3061735738006246, 1.4678638030241056, 1.9967813798199927]","[0.09027986902452767, 0.184970192611039, 0.27675587418215314, 0.661583752891616, 1.6966936876132308, 3.245983649282301, 378.29517231510255]","[0.5008059520718007, 0.6621722701891184, 0.7426151954829038, 0.9825061707879144, 1.3154902623965328, 1.509937286532425, 2.1954862721356108]"
ShapesAll,2,A_train,512,1200,861,0.7175,538,0.4483333333333333,103144,0.1682061317677756,-3.554919420880367,-3.554919420880367,433,65268,0.10643835616438356,0.5108333333333334,65546,0.10668294270833334,0.5725,0.0157373046875,0.094345703125,True,0.4422495319770974,0,"[-3.554919420880367, -0.882214777107601, -0.10286547201583573, 0.951115552995077, 2.514624674461845, 3.7671601947201436, 10.009214311874594]","[0.4422495319770974, 0.6409572505558888, 0.7371529315709381, 0.9898451553412144, 1.2955117232459652, 1.4458711135626308, 1.9858373348091618]","[0.09990794170663664, 0.18724137043238046, 0.27949497894000086, 0.6668144500771076, 1.6733061115366359, 3.0792943426492827, 433.40828723212377]","[0.5035659177472667, 0.6721617791972523, 0.7501793994273924, 0.9835295405131319, 1.3078797321440845, 1.5011667642891056, 2.2581455266229113]"
ShapesAll,2,A_init,512,1200,865,0.7208333333333333,536,0.44666666666666666,102818,0.16767449445531638,-3.996229767748787,-3.996229767748787,362,62651,0.10217058056099151,0.5075,62911,0.10239420572916667,0.5691666666666667,0.013566080729166667,0.0921923828125,True,0.44327636372588586,0,"[-3.996229767748787, -0.9663605228153221, -0.14562912045841897, 0.9558396307652899, 2.5406717767155955, 3.8118302160104185, 11.694330127064859]","[0.44327636372588586, 0.6385505984705133, 0.7332183405853471, 0.9897089663340068, 1.3026209616036821, 1.4627538278454126, 2.168147674527262]","[0.08551152474183255, 0.18041982521459174, 0.2736476414117188, 0.6619031423471711, 1.6930488090883036, 3.179396892499904, 362.40548368838154]","[0.4612231960712876, 0.6636103851937708, 0.7475164386530313, 0.9816382484820281, 1.3145181311296055, 1.506249180366531, 2.2558199817196964]"
ShapesAll,3,A_train,512,1200,875,0.7291666666666666,555,0.4625,104273,0.17004729288975864,-4.658409647589849,-4.658409647589849,331,64598,0.1053457273320287,0.5041666666666667,64874,0.10558919270833333,0.5733333333333334,0.016083984375,0.09285970052083334,True,0.4617975625484334,0,"[-4.658409647589849, -0.8497566526892737, -0.11719303244027798, 0.9529866923507164, 2.5330635334186384, 3.718154853018008, 11.096126567842987]","[0.4617975625484334, 0.6462381791513396, 0.7372570945790162, 0.9897439767263592, 1.2985761930861899, 1.4555363031357456, 2.2808628206722017]","[0.09012153870861539, 0.183235269860063, 0.2804865508332455, 0.6599097299120638, 1.6951148583870852, 3.12631823015193, 354.1326522157756]","[0.43843057589289225, 0.6659918430662681, 0.7477985906575896, 0.9815210739025844, 1.3116722751912966, 1.499244897890498, 2.1653192623259443]"
ShapesAll,3,A_init,512,1200,857,0.7141666666666666,532,0.44333333333333336,103530,0.16883561643835615,-3.1154464985378354,-3.1154464985378354,336,64383,0.10499510763209394,0.49916666666666665,64644,0.10521484375,0.5525,0.015084635416666667,0.0935205078125,True,0.46943158520053885,0,"[-3.1154464985378354, -0.9420165162884206, -0.12102946403653263, 0.9495715347266867, 2.544287241953332, 3.8298544929205574, 9.794283532536781]","[0.46943158520053885, 0.6391763772011153, 0.735849814230589, 0.9900367284148608, 1.3011104378523513, 1.4644697872189192, 1.9326488593847984]","[0.10210037280194229, 0.18206370704088612, 0.2725014558386647, 0.6605799950299804, 1.6759542662596967, 3.170677769977507, 336.4778112927772]","[0.517424567398308, 0.6612083267318638, 0.7466287463186063, 0.9821916367930328, 1.313665943421216, 1.5054440026840519, 2.1301540814665714]"
ShapesAll,4,A_train,512,1200,847,0.7058333333333333,477,0.3975,99564,0.1623679060665362,-5.393955023485489,-5.393955023485489,300,63771,0.10399706457925637,0.51,64012,0.10418619791666667,0.5625,0.013819986979166667,0.0937890625,True,0.432496709237455,0,"[-5.393955023485489, -0.8707597155336413, -0.07614205870382731, 0.944085522414035, 2.541504752716604, 3.7517860622195323, 10.456830255860666]","[0.432496709237455, 0.6363925612625183, 0.7383932094841186, 0.9885229954878554, 1.3003943335399923, 1.4654639222041097, 1.9676791130175957]","[0.09980658229767414, 0.18696600975306354, 0.2802867582751176, 0.6718537457444427, 1.712022699809946, 3.149957665703731, 342.29969159077393]","[0.5082129466051128, 0.6632348439366781, 0.7467541240734712, 0.9830577816277497, 1.3091274940731479, 1.502402470013346, 2.311697281706472]"
ShapesAll,4,A_init,512,1200,865,0.7208333333333333,522,0.435,96958,0.15811806914546642,-3.785717884564747,-3.785717884564747,336,60093,0.09799902152641879,0.4975,60360,0.0982421875,0.5625,0.012161458333333333,0.089462890625,True,0.42548411787379337,0,"[-3.785717884564747, -0.8246085540396152, -0.08062443304654321, 0.952811896631971, 2.489306396011395, 3.790544495511044, 11.443237134174524]","[0.42548411787379337, 0.6454772753064271, 0.7424189766016539, 0.989306217752703, 1.294663525271429, 1.4600061009714607, 2.347241871673191]","[0.08738785959553752, 0.17426468742834572, 0.27328776491362705, 0.6788664087168002, 1.7043219719569664, 3.128748404168552, 336.6306857553669]","[0.4260319364902898, 0.6630751140887992, 0.7494669436514222, 0.9827600487959138, 1.3048804885190217, 1.4877289983253335, 2.349910461568413]"
SemgHandMovementCh2,0,A_train,1500,900,650,0.7222222222222222,362,0.4022222222222222,218500,0.16195982506856424,-2.2000419022715505,-2.2000419022715505,1061,141290,0.10472907864502261,0.5088888888888888,141367,0.1047162962962963,0.5277777777777778,0.013520740740740741,0.09247037037037037,True,0.44759522793765427,0,"[-2.2000419022715505, -0.7996335848431784, -0.06142182682380055, 0.9463954700834272, 2.5148371288408304, 3.7383337604639633, 8.355134812751885]","[0.44759522793765427, 0.6441901974112989, 0.7324137761169588, 0.9894017207998189, 1.3017269064209984, 1.4761263664544142, 2.044572628892638]","[0.11968687787930321, 0.18173871246996667, 0.2746279411142041, 0.667276039600722, 1.7276684854607498, 3.1148872373452274, 1061.1465119325806]","[0.4890997687577965, 0.6563966941914078, 0.7460976881683564, 0.9827900504501521, 1.3162766438556703, 1.5014741945148604, 2.229922599106885]"
SemgHandMovementCh2,0,A_init,1500,900,652,0.7244444444444444,384,0.4266666666666667,221465,0.16415758653917426,-4.2098805028279,-4.2098805028279,1066,135390,0.1003557927507227,0.5,135484,0.10035851851851851,0.5222222222222223,0.012616296296296296,0.08901555555555556,True,0.4447020293391688,0,"[-4.2098805028279, -0.9249712425847747, -0.11788057666579732, 0.9478192301434376, 2.536936553880459, 3.878233584382891, 10.813321562329747]","[0.4447020293391688, 0.6415469589981899, 0.7384667988000636, 0.9882105091641478, 1.3041106142409888, 1.4708095469074818, 2.028333461410739]","[0.09564704789613643, 0.18721614844116402, 0.2664778928190117, 0.6656496014219329, 1.6752245799758112, 3.0839674392516345, 1066.5689933535102]","[0.4930155810300221, 0.6585113062172855, 0.7459329246004686, 0.9834458566558126, 1.3087398459676027, 1.5012924590270722, 2.2401910250678156]"
SemgHandMovementCh2,1,A_train,1500,900,655,0.7277777777777777,379,0.4211111111111111,231222,0.17138981543251056,-2.6260710728322465,-2.6260710728322465,943,145979,0.10820472907864502,0.5066666666666667,146055,0.10818888888888889,0.5288888888888889,0.01423037037037037,0.09523407407407407,True,0.4624484127843971,0,"[-2.6260710728322465, -0.8761292450515515, -0.11167326458105152, 0.9484553933139921, 2.527558438179716, 3.7732704903672616, 11.485365940266774]","[0.4624484127843971, 0.63978850370298, 0.7337670404848154, 0.9896022137350826, 1.304844612414877, 1.4569346690228133, 1.8516331441819602]","[0.08706731724532801, 0.18208686528737417, 0.27734935320790444, 0.6550727812950399, 1.6920841252466152, 3.0897047044712216, 943.6952619110978]","[0.5400637826894581, 0.6657557193450805, 0.7442030038070755, 0.9821915728356885, 1.315524382990955, 1.5045604413342768, 2.162389476388853]"
SemgHandMovementCh2,1,A_init,1500,900,647,0.7188888888888889,374,0.41555555555555557,208883,0.15483136906085537,-4.376108126530653,-4.376108126530653,923,129166,0.09574234674968497,0.49666666666666665,129257,0.09574592592592593,0.5255555555555556,0.014831851851851851,0.08216888888888889,True,0.47521333704618485,0,"[-4.376108126530653, -0.8285745798846545, -0.07407272072513252, 0.9522235318102048, 2.4733482069579344, 3.6246616463846584, 8.812703800650752]","[0.47521333704618485, 0.6516255353301921, 0.7364254035467468, 0.9889424085959035, 1.2980007695335816, 1.4437696111410139, 1.96755997917262]","[0.11347255310283799, 0.19020463570775065, 0.2883101896684366, 0.672749909242043, 1.7057563141531351, 3.1353172847238726, 923.6519331208129]","[0.5082437184053106, 0.6735233698478169, 0.7500502375434792, 0.9831435790507612, 1.3147692709592746, 1.4857046163180447, 2.104285499594596]"
SemgHandMovementCh2,2,A_train,1500,900,639,0.71,386,0.4288888888888889,217306,0.1610747906011415,-4.450621064906954,-4.450621064906954,941,131294,0.0973196946112223,0.48333333333333334,131384,0.09732148148148148,0.5,0.012088148148148148,0.0864962962962963,True,0.49478243329059785,0,"[-4.450621064906954, -0.9114750894752911, -0.1176251036413021, 0.953858266456372, 2.4983972735511726, 3.7397252013439233, 10.412811817975808]","[0.49478243329059785, 0.6431141652090695, 0.7381872949788203, 0.9891457420932852, 1.2975256567177695, 1.4567411042885694, 2.0633249304638532]","[0.09603553943725274, 0.18164314170348916, 0.28120286103041964, 0.6688181615037934, 1.6932033032603333, 3.0645615777166775, 942.1864654008562]","[0.4846546393326384, 0.6656435686997679, 0.7501095347947422, 0.9822778159200993, 1.312253800502654, 1.4998633195724165, 2.013146958468566]"
SemgHandMovementCh2,2,A_init,1500,900,627,0.6966666666666667,365,0.40555555555555556,217673,0.1613468238084649,-3.425246818311507,-3.425246818311507,1068,132383,0.09812689941442443,0.4677777777777778,132458,0.09811703703703703,0.4855555555555556,0.010415555555555556,0.08898222222222223,True,0.41027280525941023,0,"[-3.425246818311507, -0.9457918561554277, -0.1300401308958215, 0.9434625011268736, 2.5372154568936542, 3.8437270323552104, 10.26567807389597]","[0.41027280525941023, 0.6333065114222148, 0.7326430213787518, 0.987958777109526, 1.3070567355865024, 1.473165305728419, 1.897201385024869]","[0.09741197734820162, 0.1690249481180217, 0.2700885085162099, 0.6657364635523209, 1.7025008219083746, 3.145564869370839, 1069.4599471713682]","[0.5270921726566691, 0.6599123129811563, 0.7414033318587598, 0.9837150023353445, 1.3112564915088059, 1.5160108101068055, 2.437378610615724]"
SemgHandMovementCh2,3,A_train,1500,900,673,0.7477777777777778,388,0.4311111111111111,231435,0.17154769846564377,-3.406068042330844,-3.406068042330844,977,143533,0.10639166851975392,0.53,143631,0.10639333333333334,0.5533333333333333,0.014280740740740741,0.09337555555555556,True,0.48012259282927516,0,"[-3.406068042330844, -0.906551939903095, -0.1414540346813908, 0.9463855295866281, 2.5657102096821642, 3.817305438735255, 11.554897962067164]","[0.48012259282927516, 0.6473588341906418, 0.7384205719524133, 0.990239198338827, 1.296385152059402, 1.460461415592772, 2.0554176359803478]","[0.08654338647410265, 0.17758614924423455, 0.27122807861145476, 0.6562058856175099, 1.6881697003756275, 3.060185912667756, 978.7452847260031]","[0.4865191299786602, 0.6632257327579782, 0.7502255875133585, 0.9823100389729689, 1.3089812646317682, 1.4879282383418786, 2.0827810924890855]"
SemgHandMovementCh2,3,A_init,1500,900,666,0.74,382,0.42444444444444446,230602,0.1709302497961604,-5.401806406297737,-5.401806406297737,941,141228,0.1046831220813876,0.4922222222222222,141304,0.10466962962962963,0.5111111111111111,0.013187407407407408,0.09275037037037037,True,0.4111355840843771,0,"[-5.401806406297737, -1.0247530696775164, -0.137837823011526, 0.9464548803308048, 2.5322299936470594, 3.812715416109015, 14.38811091388402]","[0.4111355840843771, 0.6421710311731499, 0.7302857325159152, 0.9891541969094249, 1.3059129926413617, 1.4723737203940357, 2.272292320471966]","[0.09239035750829316, 0.17807405661619669, 0.2754686808086603, 0.6556783741007735, 1.6693324659702171, 3.047934939544958, 942.382409779875]","[0.44008422287511634, 0.6589438187068868, 0.7437208864529339, 0.9819555041790622, 1.3212048632809288, 1.5039275361513103, 2.432242766020863]"
SemgHandMovementCh2,4,A_train,1500,900,645,0.7166666666666667,365,0.40555555555555556,218453,0.16192498702838928,-3.068506782414943,-3.068506782414943,1076,136281,0.10101623304425172,0.51,136370,0.10101481481481482,0.5322222222222223,0.013414814814814815,0.08886592592592593,True,0.4680418022580852,0,"[-3.068506782414943, -0.8529287136508755, -0.09351675914497554, 0.9495360199583729, 2.495606957061689, 3.6927759207813176, 10.72310691755888]","[0.4680418022580852, 0.6396396521362522, 0.7368110933352569, 0.9893025500384738, 1.301547762638069, 1.4519276835815687, 1.9486831248403522]","[0.09325655406473743, 0.18816018983873165, 0.2855512529668204, 0.668961566223345, 1.6812443251618705, 3.0705707028163163, 1077.0988402354005]","[0.5131670651080975, 0.6686948012980406, 0.7496949350075297, 0.982862131748675, 1.3092825686698262, 1.5040045137920404, 2.136524563383773]"
SemgHandMovementCh2,4,A_init,1500,900,641,0.7122222222222222,373,0.41444444444444445,225514,0.16715884663849975,-3.335902730145108,-3.335902730145108,1044,140196,0.10391816766733378,0.5155555555555555,140281,0.10391185185185185,0.5344444444444445,0.014667407407407407,0.09051259259259259,True,0.48857797997061425,0,"[-3.335902730145108, -0.9155557309592394, -0.12508705353237137, 0.9504398704360355, 2.49917102314762, 3.6926085944326488, 9.732628753937433]","[0.48857797997061425, 0.6503373760710047, 0.7393333209848819, 0.9896960231667578, 1.3013021006066083, 1.457462466837994, 1.971996175584536]","[0.10274716371918657, 0.18520083102909893, 0.28227108939177015, 0.6648955736472146, 1.6692017869219813, 2.990506663602705, 1044.237830903633]","[0.5071003749301326, 0.6642802188230678, 0.7470274277638964, 0.9833719663790994, 1.307867187777731, 1.4869140479886596, 2.046731930021224]"
CinCECGTorso,0,A_train,1639,1420,1048,0.7380281690140845,628,0.4422535211267606,396300,0.1703812619305577,-4.209883437298913,-4.209883437298913,1165,244916,0.10529673769110388,0.5140845070422535,245090,0.10530725536869785,0.5359154929577464,0.01305588258041231,0.09338784384157292,True,0.43960006629436066,0,"[-4.209883437298913, -0.9161207244613059, -0.12653121186639826, 0.9460345615734553, 2.551822669851168, 3.831840141044816, 10.816630422933258]","[0.43960006629436066, 0.6397714162594287, 0.7342265182769893, 0.9886885332327111, 1.3045116805611712, 1.4660272628952014, 2.0286545569938426]","[0.09351569308842045, 0.18652571325408418, 0.27127884174540784, 0.6558451361120206, 1.681386036810852, 3.0696431456052196, 1165.4783190681715]","[0.49293754648988397, 0.6634840927558162, 0.7462423679205472, 0.9821318671403532, 1.3165849209867129, 1.505499500843929, 2.2747811862464857]"
CinCECGTorso,0,A_init,1639,1420,1048,0.7380281690140845,644,0.4535211267605634,363001,0.1560650226143184,-4.490426524291365,-4.490426524291365,1091,209448,0.09004798018882526,0.4802816901408451,209611,0.09006307521762669,0.5098591549295775,0.01197054198283048,0.07923544930350866,True,0.38562365036727897,0,"[-4.490426524291365, -0.8171267730919795, -0.12560599785315388, 0.9541669338227052, 2.468701083688463, 3.7677036050258415, 14.981185264175338]","[0.38562365036727897, 0.6447814355909918, 0.7380134932101804, 0.9899333309597012, 1.300507470544852, 1.4658399050492938, 1.9735401351410928]","[0.06675039273363836, 0.182838027036496, 0.27734391405282394, 0.6722089906914164, 1.6982563713168797, 3.073683844915702, 1091.3487415032305]","[0.506703655119054, 0.6615226082364666, 0.747307499552089, 0.9817774340793335, 1.3110841513565243, 1.4900431614281469, 2.5931184690718965]"
CinCECGTorso,1,A_train,1639,1420,1022,0.719718309859155,589,0.4147887323943662,387065,0.16641085831226676,-5.364204310403352,-5.364204310403352,1134,248089,0.10666090560456758,0.5126760563380282,248276,0.10667617664498277,0.5464788732394367,0.013885570899466352,0.09392149111876874,True,0.35302006928304763,0,"[-5.364204310403352, -0.811551215304703, -0.08173155164984108, 0.9592235129685776, 2.4943130782925316, 3.632740044692999, 15.948889674927159]","[0.35302006928304763, 0.6482262001542591, 0.7390154676159455, 0.9899995848149956, 1.294208661803742, 1.4513100340101381, 2.1909748047560242]","[0.0864897627998289, 0.19339252213876534, 0.28807161128231656, 0.6684065379538282, 1.6784765006853817, 3.013980922488074, 1134.215293147203]","[0.4564178455311776, 0.6704525319978529, 0.7511126663441587, 0.9820828268125297, 1.3108329170287512, 1.4933223085083867, 2.8326622204920113]"
CinCECGTorso,1,A_init,1639,1420,1032,0.7267605633802817,610,0.4295774647887324,398348,0.17126175858570225,-3.787574570351808,-3.787574570351808,976,247278,0.1063122323685704,0.5169014084507042,247478,0.10633330182436904,0.5507042253521127,0.01365226134107881,0.09381192585654255,True,0.4381430823526671,0,"[-3.787574570351808, -0.9384527815870775, -0.12927520013423646, 0.9518874900387004, 2.5395805592836327, 3.750856801598997, 10.744863232996522]","[0.4381430823526671, 0.6350903819622374, 0.7325123219888184, 0.9900616455372528, 1.3056280758886125, 1.4550926988788198, 2.1190576251367474]","[0.0930677271840068, 0.18427688321276037, 0.2807222629867056, 0.6623641358862074, 1.6632438656445265, 2.979305043298313, 976.5466582685375]","[0.4719078840223574, 0.6695137002076847, 0.7462854852097507, 0.9820628213610689, 1.3170578799829966, 1.5145263591424212, 2.2823411935341937]"
CinCECGTorso,2,A_train,1639,1420,1039,0.7316901408450704,597,0.4204225352112676,394974,0.16981117474075222,-3.6512623392602563,-3.6512623392602563,1167,245515,0.10555426576553337,0.5147887323943662,245693,0.10556634498878567,0.5408450704225352,0.013657417353418865,0.09305098436868925,True,0.4619354083656617,0,"[-3.6512623392602563, -0.9692448194456961, -0.1277671676580894, 0.9452426237201337, 2.571527508053619, 3.844337515148484, 11.04102256526221]","[0.4619354083656617, 0.6300178213696132, 0.7322289643012028, 0.9887822212531887, 1.3076548056095811, 1.4695122447675941, 2.0073800492555165]","[0.0905713210970589, 0.18124812847031535, 0.27313038435011094, 0.6569274967819183, 1.6932887457510295, 3.094048050092133, 1167.3189085385754]","[0.4981617707971395, 0.6606594395349259, 0.7441279642111226, 0.9822996368287136, 1.3141758848379281, 1.513040811352161, 2.1612359699138324]"
CinCECGTorso,2,A_init,1639,1420,1032,0.7267605633802817,592,0.4169014084507042,380742,0.16369241087550948,-3.623037629504779,-3.623037629504779,1194,236438,0.10165179108841081,0.5035211267605634,236616,0.10166625132122817,0.5274647887323943,0.01276972389553919,0.09004073249748644,True,0.42427208176052034,0,"[-3.623037629504779, -0.9278777789381547, -0.1034688258059816, 0.9506328958410393, 2.523727651094154, 3.7657014603526275, 10.550080795397207]","[0.42427208176052034, 0.6411224738717982, 0.7340419330505256, 0.9890289627630864, 1.3023210359729829, 1.4701156419845929, 2.132660539632952]","[0.09478600395505055, 0.18312318891659288, 0.27775664926047056, 0.6660344760672956, 1.7063943837866715, 3.05645977709127, 1194.5481945929155]","[0.46889787728341803, 0.6572603284554628, 0.7455659620584818, 0.9818714455532529, 1.3162690662550287, 1.498817861915642, 2.3569429304784535]"
CinCECGTorso,3,A_train,1639,1420,1022,0.719718309859155,626,0.44084507042253523,387785,0.16672040791759102,-4.658778804096528,-4.658778804096528,1070,241588,0.103865930626494,0.5028169014084507,241751,0.10387259493507721,0.523943661971831,0.015121295190299823,0.08989335647809983,True,0.46178112693533535,0,"[-4.658778804096528, -0.8451914938708893, -0.10497574580608099, 0.9486979904585837, 2.5284928379854463, 3.723108801398713, 11.16737724895006]","[0.46178112693533535, 0.6453193633980338, 0.7372968796367445, 0.9897385167337376, 1.296742393865531, 1.4556607441062113, 2.29319140664168]","[0.08954654058038614, 0.18417740621400241, 0.2795102447392878, 0.6637612966871416, 1.6968389396989036, 2.99835792313528, 1134.4052092033085]","[0.4360734987510154, 0.6667226210855043, 0.7486429147328579, 0.9818371334043263, 1.3106102969017963, 1.4995031545417863, 2.165498971468452]"
CinCECGTorso,3,A_init,1639,1420,1034,0.7281690140845071,602,0.423943661971831,386259,0.16606433472630655,-4.104463551521803,-4.104463551521803,1298,232884,0.1001238198421297,0.502112676056338,233041,0.10013018931158642,0.5267605633802817,0.014467340958502694,0.0868074830925762,True,0.460484573753547,0,"[-4.104463551521803, -0.917813597972455, -0.14663829413475468, 0.9481949676055983, 2.5109719514688322, 3.840484738575093, 12.005721234464545]","[0.460484573753547, 0.6388339780891761, 0.7346846572096922, 0.9874881091479608, 1.3042227845034686, 1.4815889373257844, 1.98677562604351]","[0.08329362147173924, 0.17720215507961257, 0.27188470402634696, 0.6644526517646341, 1.6799562298299768, 3.0331019954878276, 1298.1336762641895]","[0.5033280995053389, 0.6514503524293787, 0.7427997630548304, 0.9829521559612431, 1.3169809228300096, 1.5057731616054846, 2.1709758618181922]"
CinCECGTorso,4,A_train,1639,1420,1041,0.7330985915492958,635,0.4471830985915493,396632,0.17052399869301277,-3.44567807268254,-3.44567807268254,1254,237786,0.10223133673837899,0.5049295774647887,237975,0.10225016971873953,0.5352112676056338,0.01234134520361952,0.09104185822684735,True,0.3992256556362008,0,"[-3.44567807268254, -0.9580017435222362, -0.1565624711668703, 0.9489915111192602, 2.5623946880744937, 3.8205772234943107, 12.67998084798387]","[0.3992256556362008, 0.6309556339686605, 0.7307142732761236, 0.9905189912200285, 1.300388630904345, 1.4509769705680107, 2.275625163337376]","[0.07886447243004113, 0.18865818543938986, 0.2750415436810158, 0.652831592618611, 1.6734284546825027, 3.1325707555707085, 1254.7491187781343]","[0.4394396828225544, 0.6673764022445084, 0.7487766303677859, 0.9799928116671062, 1.3194167694826204, 1.5171523709736496, 2.5047726547074944]"
CinCECGTorso,4,A_init,1639,1420,1039,0.7316901408450704,627,0.4415492957746479,387902,0.1667707097284562,-5.025009374685396,-5.025009374685396,1269,237971,0.10231087378974703,0.4964788732394366,238160,0.1023296582423154,0.5274647887323943,0.011382756576064072,0.09208423205492872,True,0.4394751950792862,0,"[-5.025009374685396, -0.9072582837755044, -0.12007926699384937, 0.951490112445903, 2.5259364636378505, 3.8151491636882535, 11.135441133759969]","[0.4394751950792862, 0.6416666847138355, 0.7342909027793312, 0.9891496276471798, 1.2974997228878884, 1.4594002151636052, 2.0781967110417554]","[0.09646650782838151, 0.17886586610711674, 0.2722948909873595, 0.6635026015264316, 1.681451139655689, 3.0776248810082714, 1270.1442310638643]","[0.4811864029456956, 0.6631793572057348, 0.7505069244684421, 0.9813722065191541, 1.3139816302527492, 1.5036472318267897, 2.261320717132897]"
StarLightCurves,0,A_train,1024,9236,6733,0.7289952360329147,4266,0.4618882633174534,1592542,0.16855100128825662,-6.160156719508336,-6.160156719508336,751,977895,0.1034981692192606,0.5047639670853183,979911,0.10361025724745561,0.5643135556517973,0.013871712930381117,0.0914356864443482,True,0.4096692081053561,0,"[-6.160156719508336, -0.9207496758686329, -0.13135813708350522, 0.9481328184967026, 2.5441614503663685, 3.82003552515013, 12.43019206837755]","[0.4096692081053561, 0.6388932159348554, 0.7325299478767363, 0.9892177693696196, 1.304089544441684, 1.4668987946849914, 2.218838814529681]","[0.08568313273201511, 0.18166287775260345, 0.27320053634241503, 0.6592916411818663, 1.6881755404863, 3.1042567950520237, 751.4597612083563]","[0.450686184797054, 0.6608179127746644, 0.744166657419757, 0.9818350275398444, 1.3180465094505878, 1.5044363999574626, 2.4409447080381597]"
StarLightCurves,0,A_init,1024,9236,6667,0.7218492854049372,4196,0.45430922477262886,1556007,0.16468422048620152,-6.140273252973202,-6.140273252973202,792,951457,0.10070003179364864,0.5012992637505413,953483,0.10081590972147034,0.5608488523170203,0.013688052356268948,0.08882161599312473,True,0.39011328720789606,0,"[-6.140273252973202, -0.906456267849403, -0.11897898740969165, 0.9485908627360189, 2.5312482839908945, 3.787540305206527, 13.009955181997952]","[0.39011328720789606, 0.6406335993832087, 0.7355459739232376, 0.988539206205246, 1.303367860936365, 1.4686564722765514, 2.123914025711997]","[0.08560157220779274, 0.18207532323231135, 0.27584511854756216, 0.6651857137405273, 1.693801360807255, 3.099722391925154, 792.780133128163]","[0.47082885083580095, 0.6615533167896277, 0.7444504173683768, 0.98263295929587, 1.3132719571496494, 1.5006494064493965, 2.563298463997967]"
StarLightCurves,1,A_train,1024,9236,6654,0.720441749675184,4155,0.44987007362494585,1553669,0.16443677191592082,-6.3195199843153205,-6.3195199843153205,884,946509,0.10017634679546693,0.49501948895625814,948474,0.10028628633878302,0.5586834127327848,0.013437038998213512,0.08854681240526202,True,0.40498499555724266,0,"[-6.3195199843153205, -0.9298563384589715, -0.12514777584016626, 0.9462953050865508, 2.5315002950182905, 3.844292551464092, 12.900559791251226]","[0.40498499555724266, 0.6388935629405842, 0.7346725488239116, 0.9890306170748175, 1.3027978181682414, 1.4668780144616744, 2.191775139715989]","[0.07751601606287295, 0.1784096663332423, 0.2715428679091872, 0.6614913598457974, 1.7045119717999002, 3.1258972739864905, 884.354211943699]","[0.4562511828332812, 0.6620246725093772, 0.7451185454467165, 0.9819090267953037, 1.314054977245843, 1.503195881407145, 2.4622625369814273]"
StarLightCurves,1,A_init,1024,9236,6618,0.71654395842356,4117,0.44575573841489824,1547590,0.16379338446564867,-4.58319767253613,-4.58319767253613,831,953344,0.10089974755588972,0.5,955325,0.1010106724028259,0.560524036379385,0.013452793417063664,0.08925110894191209,True,0.3980922670025393,0,"[-4.58319767253613, -0.9143674495533787, -0.10909378095192888, 0.9488913490141169, 2.5319486553632946, 3.7760030074110773, 12.992224192551703]","[0.3980922670025393, 0.6436099018237502, 0.7360365632330627, 0.9888757898861513, 1.3018006011058703, 1.466836489636999, 2.0714470737584634]","[0.07696911515529337, 0.18475149504718047, 0.2770161957906794, 0.6644474395359339, 1.6938169094372513, 3.122100949589213, 832.337975097018]","[0.4827543086512378, 0.6608625410414516, 0.7458653099541778, 0.9824914931733559, 1.313525062575552, 1.4984112938689975, 2.511884183516827]"
StarLightCurves,2,A_train,1024,9236,6687,0.7240147249891729,4189,0.4535513209181464,1588458,0.16811876007310422,-4.421603358930952,-4.421603358930952,778,983340,0.10407445556022653,0.5043308791684712,985438,0.10419465102587701,0.5687527067994803,0.013733518128789519,0.09214505823002382,True,0.3806631058421317,0,"[-4.421603358930952, -0.8958013081325918, -0.12104280845119886, 0.9531928487409118, 2.530764183510451, 3.772731446209913, 11.855017096475308]","[0.3806631058421317, 0.6434570853659152, 0.7357392238729134, 0.9899331390560633, 1.2999414784125778, 1.4595194973674328, 2.3100829067019504]","[0.08435247219483699, 0.18371373128184132, 0.2770792539727552, 0.661449590223306, 1.6868246595105245, 3.0776940980192067, 778.2004821087307]","[0.4328848965111547, 0.665066821771201, 0.7479858339251962, 0.9820144399945647, 1.314073550557973, 1.4969118998725583, 2.6268408666127243]"
StarLightCurves,2,A_init,1024,9236,6702,0.7256388046773495,4181,0.4526851450844521,1570022,0.1661675360176317,-5.2722065636980915,-5.2722065636980915,858,969965,0.10265887616437358,0.503897791251624,971928,0.10276617989389346,0.5650714595062798,0.013291337057438285,0.09117621433791685,True,0.41309890668469507,0,"[-5.2722065636980915, -0.9084025062675607, -0.11483303241010674, 0.9470442904954552, 2.5243190045176735, 3.7866581789173783, 11.563019072223142]","[0.41309890668469507, 0.642232567988621, 0.7349503169599906, 0.9890113618623673, 1.3017155323816525, 1.4608939754504144, 2.3959098030207717]","[0.08648260404595476, 0.18293680980480076, 0.27572294347385196, 0.662787423002392, 1.6834215601477753, 3.082261832087575, 858.5998406582073]","[0.41737798256812353, 0.6652151292325563, 0.7469277647119583, 0.9824932447103336, 1.3138614421785633, 1.5008222904039, 2.420652143700636]"
StarLightCurves,3,A_train,1024,9236,6744,0.7301862278042442,4114,0.4454309224772629,1584458,0.16769540922574633,-5.196657538009958,-5.196657538009958,711,979082,0.10362379858321405,0.5076873105240364,981049,0.10373058294310307,0.5632308358596795,0.013626937899252923,0.09180046996805977,True,0.4238521051371009,0,"[-5.196657538009958, -0.9198510471215099, -0.12181347899593781, 0.9536292705452709, 2.5271522972254687, 3.7902295368282615, 12.38522261549474]","[0.4238521051371009, 0.6392479636435349, 0.7347240150927273, 0.989348737747207, 1.3010007015982639, 1.45857427816849, 2.1972899030738517]","[0.09402825895972455, 0.18380448650623293, 0.2761006986628616, 0.6624067499623152, 1.6813847531886978, 3.087188604531765, 726.1503886861749]","[0.4551060825433524, 0.6643699574412085, 0.747287071534376, 0.9818900824066077, 1.314370942430203, 1.5049869528219144, 2.3592341244006576]"
StarLightCurves,3,A_init,1024,9236,6649,0.7199003897791252,4072,0.44088349935036814,1546184,0.16364457664280238,-5.111940335268628,-5.111940335268628,919,953846,0.10095287808723313,0.4956691208315288,955842,0.10106533706420529,0.5591165006496319,0.013580943454958857,0.0891750859408835,True,0.35755861582018156,0,"[-5.111940335268628, -0.9043458237984316, -0.10642410741029663, 0.9493523614302148, 2.5171479195901627, 3.784937579921504, 14.33046730735004]","[0.35755861582018156, 0.6421513204473905, 0.7349585770870348, 0.9892314493800427, 1.2999232706798496, 1.4630948502420635, 2.186581780620486]","[0.06978139502032177, 0.18228265911716335, 0.2762100338281357, 0.6645817431879095, 1.6931559293474197, 3.118246267752455, 919.2977894699637]","[0.4573348268347104, 0.6618766294375814, 0.747712629587437, 0.9823839850116656, 1.313822985536683, 1.501506530377077, 2.7966849621492713]"
StarLightCurves,4,A_train,1024,9236,6645,0.719467301862278,4203,0.4550671286271113,1541109,0.16310745025521706,-6.020821699433441,-6.020821699433441,807,930689,0.09850199419416648,0.4924209614551754,932692,0.09861758675292334,0.5560848852317021,0.013187611655478562,0.08712109036650065,True,0.3911804099927849,0,"[-6.020821699433441, -0.9295797707846531, -0.12831305705184937, 0.9483423669948579, 2.524345317671586, 3.7732225599143905, 17.69968518230087]","[0.3911804099927849, 0.6435887050831304, 0.7371385270193884, 0.9896157106705346, 1.2985987006360233, 1.45753193577372, 2.2249272477362183]","[0.07985622669968961, 0.1803691081069917, 0.2769715224067625, 0.6661601322645083, 1.68828988426784, 3.1061232122009663, 807.247985152371]","[0.44945289829922785, 0.6663257876147258, 0.7479978653897603, 0.9823606977718171, 1.3119834075663626, 1.49652187712386, 2.556234862573774]"
StarLightCurves,4,A_init,1024,9236,6677,0.722932005197055,4089,0.4427241229969684,1559406,0.16504396286874387,-4.1971071958435004,-4.1971071958435004,745,968727,0.10252784907711632,0.49815937635339974,970650,0.10263105138858813,0.5599826764833261,0.013537169432113468,0.09079705094196622,True,0.39779853244028374,0,"[-4.1971071958435004, -0.9085101226746081, -0.10784176672909067, 0.9474208047753336, 2.521177807330782, 3.7763158845962987, 12.038272729611549]","[0.39779853244028374, 0.6408305206975544, 0.7359348282130572, 0.9896189247900793, 1.3005302924583193, 1.463106265333074, 2.208763041318889]","[0.08306839548004064, 0.18201169344683876, 0.2764528509094589, 0.6640363790120034, 1.693812980416774, 3.10041536166804, 746.0341272800141]","[0.45274209197327764, 0.6637325318578678, 0.7466569997966837, 0.9824168504671889, 1.3117938572247823, 1.5007679935645195, 2.5135977381559798]"
